MonthlyIncome,Age,YearsAtCompany,JobLevel,DistanceFromHome,WorkLifeBalance,Attrition,MaritalStatus_Single,MaritalStatus_Divorced,OverTime_Yes
6811.0,27.0,7.0,2.0,7.0,1.0,0.0,1.0,0.0,0.0
5441.0,51.0,10.0,2.0,21.0,1.0,0.0,1.0,0.0,1.0
1706.0,27.0,0.0,1.0,3.0,2.0,0.0,0.0,0.0,0.0
18213.0,44.0,22.0,5.0,5.0,3.0,0.0,0.0,0.0,0.0
1951.0,35.0,1.0,1.0,4.0,3.0,0.0,0.0,1.0,0.0
2950.0,52.0,5.0,1.0,8.0,1.0,0.0,0.0,0.0,0.0
4171.0,22.0,3.0,2.0,3.0,4.0,0.0,0.0,0.0,1.0
4508.0,33.0,13.0,2.0,29.0,3.0,0.0,1.0,0.0,0.0
2886.0,24.0,6.0,1.0,7.0,3.0,1.0,0.0,0.0,1.0
7428.0,37.0,5.0,3.0,3.0,3.0,0.0,1.0,0.0,0.0
2109.0,31.0,3.0,1.0,8.0,3.0,0.0,1.0,0.0,0.0
3920.0,37.0,3.0,1.0,1.0,2.0,0.0,0.0,0.0,0.0
13191.0,42.0,1.0,3.0,26.0,3.0,0.0,0.0,0.0,1.0
2742.0,34.0,2.0,1.0,9.0,3.0,0.0,0.0,0.0,0.0
3140.0,41.0,4.0,1.0,20.0,2.0,1.0,1.0,0.0,1.0
5295.0,39.0,5.0,2.0,12.0,3.0,0.0,0.0,0.0,0.0
4272.0,42.0,1.0,2.0,29.0,3.0,0.0,1.0,0.0,0.0
3690.0,50.0,3.0,1.0,1.0,2.0,0.0,0.0,0.0,0.0
4323.0,35.0,5.0,1.0,8.0,1.0,0.0,1.0,0.0,0.0
9355.0,41.0,8.0,2.0,4.0,3.0,0.0,1.0,0.0,0.0
6132.0,51.0,1.0,2.0,7.0,3.0,0.0,0.0,0.0,0.0
15427.0,53.0,25.0,4.0,2.0,3.0,0.0,0.0,0.0,0.0
4342.0,27.0,4.0,2.0,8.0,3.0,0.0,0.0,0.0,0.0
4707.0,32.0,4.0,2.0,11.0,3.0,0.0,0.0,0.0,0.0
2332.0,32.0,3.0,1.0,1.0,3.0,0.0,0.0,0.0,0.0
6142.0,34.0,5.0,2.0,8.0,3.0,0.0,1.0,0.0,0.0
3407.0,36.0,5.0,1.0,9.0,3.0,0.0,1.0,0.0,0.0
3447.0,21.0,3.0,1.0,22.0,3.0,0.0,1.0,0.0,0.0
18200.0,50.0,32.0,5.0,3.0,3.0,0.0,0.0,0.0,0.0
4240.0,48.0,2.0,2.0,6.0,3.0,0.0,1.0,0.0,0.0
8853.0,29.0,6.0,2.0,2.0,4.0,0.0,0.0,1.0,0.0
6347.0,50.0,18.0,2.0,1.0,3.0,0.0,0.0,0.0,0.0
7119.0,33.0,3.0,3.0,5.0,3.0,0.0,0.0,1.0,0.0
3564.0,37.0,8.0,1.0,21.0,2.0,0.0,0.0,0.0,1.0
3517.0,27.0,3.0,1.0,8.0,3.0,0.0,0.0,0.0,0.0
2177.0,59.0,1.0,1.0,3.0,3.0,0.0,0.0,0.0,0.0
3202.0,24.0,5.0,1.0,1.0,3.0,1.0,1.0,0.0,1.0
4014.0,35.0,10.0,2.0,21.0,1.0,0.0,0.0,0.0,1.0
7779.0,36.0,11.0,2.0,18.0,3.0,0.0,1.0,0.0,0.0
10266.0,60.0,18.0,3.0,28.0,4.0,0.0,0.0,0.0,0.0
5309.0,32.0,10.0,2.0,24.0,3.0,0.0,0.0,0.0,0.0
2794.0,32.0,5.0,1.0,7.0,1.0,0.0,0.0,0.0,0.0
14732.0,55.0,7.0,4.0,1.0,4.0,0.0,0.0,1.0,0.0
1904.0,18.0,0.0,1.0,8.0,3.0,1.0,1.0,0.0,0.0
1274.0,30.0,1.0,1.0,7.0,2.0,0.0,0.0,1.0,0.0
2319.0,29.0,1.0,1.0,1.0,3.0,1.0,0.0,0.0,1.0
5731.0,37.0,6.0,2.0,25.0,3.0,0.0,0.0,1.0,0.0
4450.0,53.0,4.0,2.0,13.0,3.0,0.0,0.0,1.0,0.0
10400.0,32.0,14.0,3.0,4.0,2.0,0.0,0.0,0.0,0.0
10932.0,40.0,1.0,3.0,28.0,3.0,0.0,0.0,1.0,0.0
13194.0,40.0,1.0,4.0,24.0,2.0,1.0,1.0,0.0,1.0
4385.0,45.0,10.0,2.0,26.0,3.0,0.0,0.0,0.0,0.0
8008.0,36.0,3.0,3.0,5.0,3.0,0.0,0.0,0.0,0.0
19537.0,51.0,20.0,5.0,6.0,3.0,0.0,1.0,0.0,0.0
2645.0,43.0,5.0,1.0,2.0,2.0,0.0,0.0,1.0,0.0
5021.0,46.0,4.0,2.0,5.0,3.0,0.0,0.0,1.0,1.0
9434.0,37.0,10.0,3.0,3.0,3.0,0.0,0.0,0.0,0.0
13675.0,31.0,2.0,3.0,3.0,3.0,0.0,0.0,1.0,0.0
10820.0,43.0,8.0,3.0,27.0,3.0,0.0,0.0,0.0,0.0
19717.0,56.0,7.0,5.0,8.0,3.0,0.0,1.0,0.0,0.0
5878.0,32.0,7.0,2.0,5.0,3.0,0.0,0.0,0.0,0.0
3833.0,30.0,2.0,1.0,1.0,3.0,0.0,0.0,0.0,0.0
10938.0,39.0,19.0,3.0,2.0,3.0,0.0,1.0,0.0,0.0
7642.0,37.0,10.0,3.0,19.0,3.0,0.0,1.0,0.0,1.0
2259.0,48.0,0.0,1.0,20.0,2.0,0.0,0.0,0.0,0.0
6877.0,30.0,0.0,2.0,2.0,2.0,0.0,1.0,0.0,1.0
10527.0,46.0,2.0,3.0,18.0,2.0,0.0,0.0,0.0,0.0
2539.0,27.0,4.0,1.0,6.0,3.0,0.0,0.0,0.0,0.0
2328.0,22.0,4.0,1.0,5.0,2.0,0.0,0.0,1.0,1.0
1118.0,25.0,1.0,1.0,24.0,3.0,1.0,1.0,0.0,1.0
6931.0,29.0,3.0,2.0,20.0,3.0,0.0,0.0,1.0,0.0
4950.0,25.0,4.0,2.0,10.0,3.0,0.0,1.0,0.0,0.0
2622.0,33.0,3.0,1.0,4.0,3.0,0.0,0.0,0.0,0.0
8858.0,36.0,14.0,3.0,12.0,2.0,0.0,1.0,0.0,0.0
17924.0,50.0,31.0,4.0,2.0,3.0,0.0,0.0,1.0,0.0
8392.0,41.0,10.0,3.0,1.0,3.0,0.0,0.0,0.0,0.0
2859.0,35.0,6.0,1.0,1.0,3.0,0.0,1.0,0.0,0.0
19187.0,55.0,19.0,5.0,2.0,3.0,0.0,0.0,0.0,0.0
3580.0,49.0,4.0,1.0,1.0,3.0,0.0,0.0,0.0,0.0
2936.0,44.0,6.0,1.0,10.0,3.0,1.0,1.0,0.0,1.0
2853.0,22.0,0.0,1.0,3.0,3.0,1.0,0.0,0.0,1.0
2279.0,27.0,7.0,1.0,9.0,2.0,0.0,1.0,0.0,0.0
18300.0,47.0,3.0,5.0,5.0,3.0,0.0,0.0,0.0,0.0
5769.0,45.0,10.0,2.0,5.0,3.0,0.0,1.0,0.0,1.0
3420.0,44.0,5.0,1.0,20.0,2.0,0.0,1.0,0.0,0.0
18606.0,53.0,7.0,5.0,7.0,3.0,0.0,0.0,1.0,0.0
3149.0,52.0,5.0,2.0,11.0,3.0,0.0,0.0,0.0,0.0
4244.0,40.0,8.0,2.0,2.0,3.0,0.0,0.0,0.0,0.0
13142.0,51.0,5.0,4.0,11.0,2.0,0.0,1.0,0.0,0.0
2367.0,48.0,8.0,1.0,15.0,2.0,0.0,0.0,0.0,0.0
4490.0,34.0,10.0,2.0,11.0,4.0,0.0,0.0,0.0,0.0
2657.0,31.0,2.0,1.0,9.0,3.0,1.0,1.0,0.0,1.0
10453.0,46.0,24.0,3.0,1.0,3.0,0.0,0.0,1.0,0.0
5094.0,40.0,1.0,2.0,16.0,3.0,0.0,1.0,0.0,0.0
4680.0,37.0,1.0,1.0,10.0,3.0,0.0,1.0,0.0,0.0
18711.0,49.0,1.0,5.0,4.0,4.0,0.0,0.0,0.0,0.0
13826.0,52.0,9.0,4.0,25.0,3.0,0.0,0.0,0.0,0.0
5093.0,35.0,1.0,2.0,2.0,4.0,0.0,0.0,1.0,0.0
2593.0,42.0,9.0,1.0,2.0,3.0,0.0,0.0,1.0,1.0
6392.0,33.0,2.0,2.0,8.0,1.0,0.0,0.0,0.0,0.0
5914.0,36.0,13.0,2.0,5.0,4.0,0.0,1.0,0.0,0.0
2564.0,19.0,1.0,1.0,2.0,4.0,1.0,1.0,0.0,0.0
5206.0,25.0,7.0,2.0,2.0,3.0,0.0,0.0,1.0,0.0
5126.0,30.0,10.0,2.0,1.0,2.0,0.0,0.0,0.0,1.0
9619.0,46.0,9.0,3.0,9.0,3.0,0.0,1.0,0.0,0.0
2818.0,44.0,3.0,1.0,8.0,2.0,0.0,0.0,0.0,1.0
9852.0,31.0,10.0,3.0,2.0,2.0,0.0,0.0,1.0,1.0
3452.0,33.0,3.0,1.0,13.0,3.0,0.0,1.0,0.0,0.0
8396.0,40.0,7.0,2.0,26.0,2.0,0.0,0.0,0.0,0.0
2274.0,45.0,1.0,1.0,2.0,3.0,0.0,1.0,0.0,0.0
3944.0,38.0,3.0,1.0,2.0,3.0,0.0,1.0,0.0,1.0
2277.0,33.0,4.0,1.0,3.0,4.0,0.0,0.0,1.0,1.0
4682.0,33.0,7.0,2.0,10.0,2.0,0.0,1.0,0.0,0.0
4444.0,34.0,11.0,2.0,19.0,4.0,0.0,0.0,1.0,0.0
3069.0,39.0,10.0,2.0,3.0,3.0,0.0,0.0,1.0,0.0
1359.0,31.0,1.0,1.0,1.0,3.0,1.0,1.0,0.0,0.0
9950.0,34.0,3.0,3.0,23.0,3.0,1.0,0.0,1.0,1.0
5130.0,49.0,10.0,2.0,8.0,3.0,0.0,0.0,0.0,0.0
5304.0,30.0,8.0,2.0,27.0,2.0,0.0,0.0,1.0,0.0
7264.0,30.0,8.0,3.0,8.0,4.0,0.0,0.0,1.0,0.0
1878.0,18.0,0.0,1.0,5.0,3.0,1.0,1.0,0.0,1.0
3500.0,37.0,6.0,1.0,5.0,1.0,0.0,1.0,0.0,0.0
2819.0,23.0,3.0,1.0,4.0,4.0,0.0,0.0,0.0,0.0
5055.0,32.0,7.0,2.0,2.0,2.0,0.0,1.0,0.0,0.0
4591.0,47.0,5.0,2.0,14.0,2.0,0.0,0.0,0.0,1.0
6582.0,31.0,6.0,2.0,2.0,4.0,0.0,1.0,0.0,1.0
4649.0,29.0,4.0,2.0,2.0,2.0,0.0,0.0,0.0,0.0
9278.0,36.0,5.0,2.0,3.0,3.0,0.0,1.0,0.0,1.0
17048.0,46.0,26.0,4.0,2.0,3.0,0.0,0.0,0.0,0.0
10855.0,40.0,12.0,3.0,4.0,2.0,0.0,0.0,0.0,0.0
17159.0,43.0,4.0,4.0,14.0,3.0,0.0,0.0,0.0,0.0
2972.0,34.0,1.0,1.0,7.0,1.0,0.0,1.0,0.0,0.0
2045.0,27.0,4.0,1.0,3.0,3.0,0.0,1.0,0.0,0.0
3072.0,30.0,12.0,2.0,9.0,3.0,0.0,0.0,1.0,0.0
18172.0,50.0,8.0,5.0,1.0,2.0,0.0,0.0,0.0,1.0
7861.0,38.0,1.0,3.0,1.0,4.0,0.0,1.0,0.0,1.0
2450.0,53.0,2.0,2.0,6.0,3.0,0.0,1.0,0.0,0.0
18740.0,50.0,27.0,5.0,7.0,2.0,0.0,0.0,1.0,1.0
4639.0,36.0,15.0,2.0,7.0,2.0,0.0,0.0,0.0,0.0
1416.0,21.0,1.0,1.0,10.0,2.0,1.0,1.0,0.0,0.0
5003.0,41.0,2.0,2.0,7.0,3.0,0.0,1.0,0.0,0.0
3730.0,32.0,3.0,1.0,1.0,1.0,1.0,1.0,0.0,1.0
4876.0,40.0,3.0,2.0,9.0,1.0,0.0,0.0,0.0,0.0
2942.0,56.0,5.0,1.0,9.0,3.0,0.0,0.0,0.0,0.0
3929.0,31.0,4.0,1.0,12.0,3.0,0.0,0.0,0.0,1.0
6825.0,42.0,9.0,2.0,8.0,3.0,0.0,0.0,0.0,0.0
5957.0,34.0,11.0,2.0,2.0,3.0,0.0,0.0,0.0,0.0
14336.0,43.0,25.0,4.0,12.0,3.0,0.0,0.0,1.0,0.0
3211.0,49.0,9.0,1.0,25.0,2.0,0.0,0.0,0.0,0.0
4262.0,29.0,3.0,2.0,19.0,4.0,0.0,0.0,1.0,0.0
2404.0,29.0,0.0,1.0,10.0,3.0,1.0,1.0,0.0,1.0
2083.0,30.0,1.0,1.0,3.0,3.0,0.0,0.0,1.0,0.0
7295.0,35.0,10.0,3.0,1.0,3.0,0.0,0.0,0.0,0.0
5163.0,37.0,1.0,2.0,2.0,4.0,0.0,0.0,1.0,0.0
4078.0,32.0,3.0,2.0,2.0,2.0,0.0,0.0,0.0,1.0
4319.0,29.0,10.0,2.0,1.0,3.0,0.0,0.0,0.0,0.0
13603.0,37.0,5.0,3.0,1.0,3.0,0.0,0.0,1.0,1.0
5473.0,59.0,4.0,2.0,1.0,2.0,0.0,1.0,0.0,0.0
2909.0,28.0,3.0,1.0,1.0,4.0,0.0,0.0,0.0,0.0
3041.0,27.0,4.0,1.0,2.0,3.0,0.0,0.0,1.0,0.0
8620.0,29.0,10.0,2.0,19.0,3.0,0.0,0.0,1.0,0.0
19237.0,50.0,8.0,5.0,2.0,2.0,0.0,0.0,0.0,1.0
2073.0,37.0,3.0,1.0,6.0,3.0,1.0,0.0,1.0,1.0
8095.0,35.0,16.0,3.0,5.0,3.0,0.0,1.0,0.0,0.0
4898.0,25.0,4.0,2.0,1.0,3.0,0.0,0.0,0.0,0.0
2206.0,30.0,10.0,1.0,9.0,3.0,0.0,1.0,0.0,0.0
2033.0,30.0,1.0,1.0,12.0,4.0,1.0,0.0,0.0,0.0
9985.0,43.0,1.0,3.0,7.0,2.0,0.0,0.0,0.0,0.0
11159.0,32.0,7.0,3.0,3.0,3.0,0.0,1.0,0.0,0.0
2659.0,26.0,3.0,1.0,6.0,3.0,0.0,0.0,0.0,1.0
2267.0,59.0,2.0,1.0,6.0,2.0,0.0,0.0,0.0,0.0
2553.0,34.0,5.0,1.0,16.0,3.0,0.0,1.0,0.0,0.0
3057.0,38.0,1.0,1.0,2.0,1.0,0.0,0.0,0.0,1.0
13247.0,52.0,5.0,4.0,28.0,2.0,0.0,0.0,0.0,1.0
3452.0,45.0,6.0,1.0,29.0,2.0,0.0,1.0,0.0,0.0
5666.0,38.0,5.0,2.0,10.0,3.0,0.0,1.0,0.0,1.0
9824.0,38.0,1.0,2.0,10.0,3.0,0.0,0.0,0.0,0.0
3448.0,40.0,1.0,2.0,2.0,3.0,0.0,0.0,0.0,0.0
5605.0,38.0,8.0,2.0,7.0,3.0,0.0,0.0,1.0,1.0
5660.0,58.0,5.0,2.0,1.0,3.0,0.0,0.0,1.0,1.0
9705.0,40.0,1.0,3.0,10.0,2.0,0.0,0.0,1.0,0.0
4033.0,34.0,3.0,2.0,2.0,2.0,0.0,1.0,0.0,0.0
2838.0,51.0,7.0,1.0,6.0,2.0,0.0,1.0,0.0,0.0
6151.0,41.0,19.0,2.0,10.0,3.0,0.0,1.0,0.0,0.0
10761.0,45.0,5.0,3.0,9.0,3.0,0.0,0.0,1.0,1.0
3294.0,34.0,5.0,1.0,1.0,2.0,0.0,0.0,0.0,0.0
10903.0,35.0,13.0,3.0,25.0,3.0,0.0,0.0,0.0,0.0
7406.0,42.0,10.0,3.0,24.0,2.0,0.0,0.0,0.0,1.0
6796.0,50.0,4.0,2.0,8.0,3.0,0.0,0.0,0.0,1.0
4968.0,35.0,5.0,2.0,11.0,3.0,0.0,0.0,1.0,0.0
10124.0,42.0,20.0,3.0,2.0,1.0,0.0,0.0,0.0,1.0
9250.0,30.0,4.0,3.0,29.0,3.0,0.0,0.0,0.0,0.0
4306.0,31.0,13.0,2.0,7.0,1.0,0.0,0.0,0.0,0.0
6577.0,30.0,5.0,2.0,12.0,3.0,0.0,1.0,0.0,0.0
2121.0,19.0,1.0,1.0,21.0,4.0,1.0,1.0,0.0,1.0
2194.0,35.0,3.0,1.0,1.0,2.0,0.0,0.0,0.0,0.0
10325.0,36.0,16.0,3.0,3.0,3.0,0.0,0.0,0.0,1.0
2088.0,36.0,8.0,1.0,3.0,2.0,0.0,1.0,0.0,0.0
3578.0,26.0,7.0,1.0,7.0,3.0,0.0,1.0,0.0,0.0
2272.0,23.0,4.0,2.0,20.0,3.0,0.0,1.0,0.0,0.0
17856.0,50.0,2.0,4.0,2.0,3.0,0.0,0.0,0.0,0.0
4477.0,45.0,3.0,1.0,7.0,2.0,0.0,0.0,0.0,1.0
11836.0,53.0,2.0,4.0,8.0,3.0,0.0,0.0,0.0,0.0
3196.0,28.0,6.0,1.0,19.0,3.0,0.0,0.0,0.0,0.0
3221.0,50.0,20.0,1.0,28.0,3.0,0.0,0.0,0.0,1.0
16959.0,43.0,25.0,4.0,26.0,4.0,0.0,0.0,0.0,1.0
6694.0,37.0,1.0,2.0,10.0,3.0,0.0,0.0,1.0,1.0
16792.0,45.0,20.0,4.0,2.0,3.0,0.0,0.0,0.0,0.0
2795.0,32.0,1.0,1.0,25.0,1.0,1.0,1.0,0.0,1.0
2899.0,38.0,2.0,1.0,9.0,3.0,0.0,0.0,0.0,0.0
2018.0,40.0,5.0,1.0,9.0,1.0,1.0,1.0,0.0,0.0
4257.0,56.0,2.0,1.0,8.0,3.0,0.0,0.0,1.0,1.0
5473.0,40.0,8.0,2.0,9.0,4.0,0.0,0.0,0.0,0.0
9714.0,30.0,10.0,2.0,1.0,3.0,0.0,0.0,0.0,0.0
2216.0,28.0,7.0,1.0,1.0,3.0,1.0,1.0,0.0,1.0
2909.0,33.0,8.0,1.0,3.0,3.0,0.0,0.0,0.0,1.0
5207.0,33.0,15.0,2.0,28.0,3.0,0.0,0.0,0.0,1.0
13973.0,50.0,12.0,4.0,24.0,3.0,0.0,0.0,0.0,1.0
4805.0,45.0,8.0,2.0,2.0,4.0,0.0,0.0,0.0,0.0
5993.0,41.0,6.0,2.0,1.0,1.0,0.0,1.0,0.0,1.0
3983.0,29.0,3.0,1.0,9.0,3.0,0.0,1.0,0.0,0.0
4025.0,32.0,8.0,1.0,29.0,3.0,0.0,1.0,0.0,0.0
11510.0,38.0,11.0,3.0,15.0,3.0,0.0,0.0,1.0,1.0
17099.0,52.0,9.0,4.0,1.0,2.0,0.0,0.0,0.0,0.0
8686.0,38.0,8.0,2.0,1.0,4.0,0.0,1.0,0.0,0.0
2835.0,36.0,1.0,1.0,3.0,3.0,0.0,0.0,1.0,0.0
8823.0,38.0,19.0,3.0,17.0,2.0,0.0,0.0,0.0,0.0
2720.0,30.0,5.0,1.0,2.0,3.0,0.0,1.0,0.0,0.0
19419.0,41.0,18.0,5.0,9.0,4.0,0.0,0.0,1.0,0.0
2851.0,33.0,1.0,1.0,5.0,3.0,1.0,1.0,0.0,1.0
5974.0,37.0,7.0,2.0,6.0,3.0,0.0,0.0,1.0,1.0
1563.0,28.0,1.0,1.0,1.0,1.0,0.0,0.0,1.0,0.0
2058.0,29.0,6.0,1.0,1.0,2.0,0.0,1.0,0.0,0.0
3172.0,24.0,0.0,1.0,9.0,2.0,1.0,1.0,0.0,1.0
5377.0,39.0,7.0,2.0,10.0,3.0,0.0,0.0,0.0,0.0
19627.0,46.0,2.0,5.0,1.0,3.0,0.0,0.0,1.0,0.0
2132.0,45.0,5.0,1.0,28.0,3.0,0.0,0.0,0.0,0.0
9884.0,35.0,4.0,3.0,11.0,3.0,0.0,0.0,0.0,1.0
2099.0,27.0,5.0,1.0,11.0,4.0,0.0,0.0,0.0,0.0
19545.0,41.0,22.0,5.0,12.0,3.0,0.0,0.0,0.0,0.0
8621.0,34.0,8.0,3.0,9.0,4.0,0.0,1.0,0.0,0.0
2559.0,44.0,8.0,1.0,9.0,3.0,0.0,0.0,0.0,1.0
3420.0,47.0,6.0,1.0,1.0,2.0,0.0,0.0,0.0,0.0
6230.0,41.0,14.0,2.0,10.0,3.0,0.0,1.0,0.0,0.0
5562.0,43.0,5.0,2.0,1.0,2.0,0.0,0.0,0.0,0.0
2044.0,20.0,2.0,1.0,2.0,2.0,1.0,1.0,0.0,0.0
16413.0,49.0,4.0,4.0,22.0,3.0,0.0,0.0,0.0,0.0
3904.0,26.0,4.0,1.0,2.0,3.0,0.0,1.0,0.0,0.0
10976.0,55.0,3.0,3.0,2.0,3.0,0.0,0.0,0.0,0.0
19740.0,43.0,8.0,5.0,3.0,3.0,0.0,0.0,0.0,0.0
5715.0,40.0,5.0,2.0,2.0,3.0,0.0,0.0,1.0,0.0
3660.0,28.0,8.0,2.0,10.0,4.0,0.0,1.0,0.0,0.0
5714.0,34.0,6.0,2.0,9.0,2.0,0.0,0.0,0.0,0.0
4876.0,43.0,6.0,1.0,27.0,3.0,0.0,0.0,1.0,0.0
4374.0,36.0,3.0,2.0,1.0,3.0,0.0,0.0,0.0,0.0
2270.0,45.0,5.0,1.0,1.0,3.0,0.0,0.0,1.0,0.0
5238.0,39.0,1.0,2.0,3.0,2.0,1.0,0.0,0.0,1.0
2707.0,33.0,9.0,1.0,2.0,4.0,1.0,0.0,0.0,0.0
9738.0,36.0,9.0,3.0,11.0,3.0,0.0,0.0,0.0,0.0
1420.0,18.0,0.0,1.0,3.0,3.0,0.0,1.0,0.0,0.0
2561.0,28.0,0.0,1.0,2.0,2.0,1.0,1.0,0.0,0.0
18265.0,48.0,1.0,5.0,1.0,4.0,0.0,1.0,0.0,0.0
6644.0,29.0,0.0,2.0,2.0,3.0,0.0,0.0,0.0,0.0
2293.0,24.0,2.0,1.0,1.0,2.0,1.0,0.0,0.0,1.0
5775.0,30.0,10.0,2.0,28.0,3.0,0.0,0.0,0.0,0.0
2783.0,20.0,2.0,1.0,2.0,3.0,0.0,1.0,0.0,0.0
2610.0,38.0,4.0,1.0,7.0,3.0,0.0,0.0,1.0,0.0
10999.0,48.0,15.0,3.0,4.0,3.0,0.0,1.0,0.0,0.0
7823.0,35.0,10.0,3.0,3.0,3.0,0.0,0.0,1.0,0.0
6410.0,31.0,2.0,2.0,2.0,3.0,0.0,0.0,0.0,0.0
10322.0,40.0,11.0,3.0,20.0,3.0,0.0,0.0,0.0,0.0
16659.0,55.0,5.0,4.0,2.0,3.0,0.0,1.0,0.0,1.0
2070.0,21.0,2.0,1.0,1.0,4.0,1.0,1.0,0.0,1.0
17444.0,33.0,10.0,4.0,17.0,3.0,0.0,1.0,0.0,0.0
2610.0,21.0,3.0,1.0,9.0,2.0,0.0,1.0,0.0,0.0
6349.0,27.0,5.0,2.0,1.0,3.0,0.0,0.0,0.0,1.0
4377.0,24.0,4.0,2.0,17.0,3.0,0.0,0.0,1.0,0.0
2514.0,29.0,7.0,1.0,28.0,3.0,0.0,0.0,1.0,0.0
16064.0,43.0,17.0,4.0,16.0,3.0,0.0,0.0,0.0,1.0
2720.0,29.0,10.0,1.0,1.0,3.0,0.0,0.0,1.0,0.0
13872.0,58.0,37.0,4.0,10.0,2.0,0.0,1.0,0.0,0.0
4534.0,39.0,8.0,2.0,18.0,3.0,0.0,1.0,0.0,0.0
2506.0,35.0,2.0,1.0,1.0,3.0,0.0,1.0,0.0,0.0
9725.0,34.0,15.0,2.0,1.0,2.0,0.0,0.0,1.0,0.0
8740.0,38.0,8.0,3.0,10.0,3.0,0.0,0.0,1.0,1.0
6397.0,47.0,5.0,2.0,27.0,3.0,1.0,1.0,0.0,1.0
19859.0,55.0,5.0,5.0,2.0,3.0,1.0,0.0,0.0,1.0
13591.0,41.0,1.0,3.0,6.0,3.0,0.0,1.0,0.0,1.0
10239.0,55.0,1.0,3.0,1.0,3.0,0.0,0.0,0.0,0.0
5744.0,25.0,6.0,2.0,5.0,3.0,1.0,1.0,0.0,1.0
6474.0,37.0,14.0,2.0,1.0,2.0,0.0,0.0,0.0,0.0
6804.0,43.0,2.0,2.0,15.0,3.0,0.0,0.0,0.0,0.0
11996.0,35.0,7.0,3.0,22.0,2.0,0.0,0.0,1.0,0.0
2377.0,28.0,2.0,1.0,9.0,3.0,0.0,0.0,1.0,0.0
2345.0,40.0,3.0,1.0,2.0,4.0,0.0,0.0,1.0,0.0
5257.0,43.0,9.0,2.0,10.0,4.0,0.0,0.0,1.0,0.0
4256.0,25.0,5.0,2.0,4.0,4.0,0.0,0.0,0.0,0.0
2576.0,42.0,5.0,1.0,1.0,3.0,0.0,0.0,1.0,0.0
2768.0,34.0,7.0,1.0,2.0,3.0,0.0,0.0,1.0,0.0
4775.0,22.0,2.0,2.0,1.0,1.0,0.0,0.0,0.0,0.0
2695.0,31.0,2.0,1.0,2.0,1.0,0.0,0.0,1.0,1.0
2296.0,24.0,1.0,1.0,21.0,3.0,0.0,0.0,1.0,0.0
4859.0,35.0,5.0,2.0,1.0,3.0,0.0,1.0,0.0,0.0
4821.0,31.0,5.0,1.0,5.0,3.0,0.0,0.0,0.0,1.0
8998.0,32.0,9.0,3.0,8.0,3.0,0.0,1.0,0.0,0.0
8943.0,31.0,10.0,3.0,7.0,3.0,0.0,0.0,0.0,0.0
17328.0,54.0,5.0,4.0,26.0,3.0,0.0,1.0,0.0,1.0
19045.0,55.0,36.0,5.0,1.0,3.0,0.0,1.0,0.0,1.0
3919.0,32.0,10.0,1.0,16.0,3.0,1.0,1.0,0.0,1.0
5381.0,48.0,1.0,3.0,1.0,3.0,1.0,1.0,0.0,1.0
2534.0,27.0,1.0,1.0,11.0,3.0,0.0,0.0,0.0,0.0
19973.0,41.0,21.0,5.0,7.0,3.0,0.0,0.0,1.0,0.0
16598.0,53.0,9.0,4.0,2.0,2.0,0.0,1.0,0.0,0.0
2322.0,23.0,0.0,1.0,2.0,3.0,0.0,0.0,1.0,0.0
15202.0,48.0,2.0,4.0,4.0,3.0,0.0,0.0,0.0,0.0
6696.0,30.0,6.0,2.0,26.0,2.0,1.0,1.0,0.0,0.0
2013.0,36.0,4.0,1.0,7.0,3.0,0.0,1.0,0.0,0.0
9380.0,45.0,3.0,3.0,29.0,4.0,0.0,0.0,0.0,1.0
12185.0,37.0,10.0,3.0,11.0,3.0,0.0,0.0,1.0,1.0
5768.0,37.0,4.0,2.0,19.0,2.0,0.0,0.0,0.0,0.0
7547.0,31.0,7.0,2.0,7.0,3.0,0.0,0.0,1.0,0.0
5228.0,32.0,13.0,2.0,8.0,3.0,0.0,0.0,0.0,1.0
7403.0,49.0,26.0,3.0,8.0,2.0,0.0,0.0,0.0,0.0
3755.0,39.0,8.0,1.0,8.0,3.0,0.0,0.0,0.0,0.0
6142.0,35.0,5.0,2.0,10.0,3.0,0.0,1.0,0.0,1.0
2070.0,28.0,5.0,1.0,9.0,2.0,0.0,0.0,0.0,0.0
4941.0,36.0,3.0,2.0,6.0,3.0,0.0,0.0,1.0,0.0
5006.0,45.0,5.0,2.0,4.0,4.0,0.0,0.0,1.0,1.0
6673.0,38.0,1.0,2.0,29.0,3.0,1.0,0.0,0.0,1.0
3681.0,35.0,3.0,2.0,25.0,3.0,0.0,1.0,0.0,0.0
2285.0,30.0,1.0,1.0,4.0,3.0,1.0,1.0,0.0,1.0
7639.0,29.0,10.0,3.0,27.0,2.0,0.0,0.0,0.0,0.0
3033.0,20.0,2.0,1.0,3.0,2.0,1.0,1.0,0.0,0.0
2741.0,26.0,7.0,1.0,17.0,2.0,1.0,0.0,1.0,1.0
2218.0,31.0,4.0,1.0,1.0,3.0,0.0,0.0,0.0,0.0
4325.0,34.0,5.0,2.0,1.0,3.0,0.0,0.0,0.0,0.0
2302.0,31.0,3.0,1.0,1.0,4.0,1.0,1.0,0.0,1.0
11557.0,31.0,5.0,3.0,7.0,2.0,0.0,0.0,1.0,0.0
16752.0,47.0,26.0,4.0,2.0,2.0,0.0,0.0,0.0,1.0
2258.0,43.0,3.0,1.0,21.0,3.0,0.0,0.0,0.0,0.0
19246.0,58.0,31.0,5.0,2.0,3.0,1.0,1.0,0.0,1.0
3491.0,30.0,10.0,2.0,7.0,2.0,0.0,0.0,1.0,0.0
5204.0,39.0,5.0,2.0,2.0,3.0,0.0,0.0,0.0,0.0
6578.0,30.0,10.0,2.0,10.0,3.0,0.0,0.0,0.0,0.0
2703.0,28.0,3.0,1.0,6.0,3.0,0.0,0.0,1.0,1.0
19626.0,40.0,20.0,5.0,14.0,4.0,0.0,1.0,0.0,0.0
13402.0,56.0,19.0,4.0,23.0,3.0,0.0,0.0,0.0,1.0
16835.0,55.0,10.0,4.0,18.0,3.0,0.0,1.0,0.0,0.0
11244.0,32.0,5.0,3.0,10.0,4.0,0.0,1.0,0.0,0.0
4485.0,36.0,8.0,2.0,3.0,3.0,0.0,1.0,0.0,0.0
6781.0,42.0,1.0,2.0,2.0,3.0,0.0,1.0,0.0,0.0
7898.0,48.0,10.0,3.0,4.0,3.0,0.0,1.0,0.0,0.0
19943.0,56.0,5.0,5.0,4.0,3.0,0.0,0.0,1.0,0.0
3815.0,34.0,5.0,1.0,10.0,4.0,0.0,0.0,1.0,1.0
8120.0,48.0,2.0,2.0,2.0,3.0,0.0,0.0,0.0,0.0
6861.0,38.0,1.0,2.0,3.0,3.0,0.0,1.0,0.0,1.0
2654.0,45.0,2.0,1.0,10.0,2.0,0.0,0.0,0.0,0.0
6385.0,55.0,8.0,2.0,18.0,3.0,0.0,0.0,0.0,1.0
2461.0,51.0,10.0,1.0,4.0,4.0,0.0,0.0,0.0,1.0
2983.0,30.0,3.0,1.0,7.0,3.0,0.0,1.0,0.0,0.0
4286.0,45.0,1.0,2.0,26.0,3.0,1.0,0.0,0.0,0.0
4936.0,28.0,5.0,1.0,8.0,3.0,0.0,0.0,1.0,0.0
4777.0,37.0,1.0,2.0,11.0,1.0,1.0,0.0,0.0,0.0
4615.0,46.0,16.0,2.0,8.0,3.0,0.0,0.0,1.0,1.0
6062.0,42.0,4.0,2.0,1.0,3.0,0.0,0.0,0.0,1.0
19202.0,45.0,24.0,5.0,1.0,3.0,0.0,0.0,0.0,0.0
4115.0,30.0,4.0,2.0,29.0,3.0,0.0,0.0,1.0,0.0
2024.0,27.0,2.0,1.0,9.0,1.0,0.0,0.0,1.0,0.0
2115.0,37.0,17.0,1.0,1.0,3.0,0.0,1.0,0.0,0.0
2340.0,29.0,6.0,1.0,15.0,3.0,0.0,1.0,0.0,0.0
7632.0,35.0,8.0,3.0,16.0,3.0,0.0,0.0,0.0,1.0
1051.0,18.0,0.0,1.0,5.0,3.0,0.0,1.0,0.0,0.0
2515.0,42.0,2.0,1.0,2.0,3.0,0.0,1.0,0.0,1.0
2269.0,35.0,1.0,1.0,8.0,3.0,0.0,0.0,0.0,0.0
2380.0,50.0,1.0,1.0,9.0,3.0,0.0,0.0,0.0,0.0
4877.0,28.0,5.0,2.0,27.0,2.0,0.0,0.0,1.0,0.0
2107.0,41.0,1.0,1.0,5.0,1.0,1.0,0.0,1.0,0.0
10377.0,35.0,13.0,3.0,8.0,2.0,0.0,0.0,0.0,1.0
4505.0,34.0,1.0,2.0,6.0,3.0,0.0,0.0,1.0,0.0
16307.0,51.0,20.0,4.0,26.0,2.0,0.0,0.0,0.0,0.0
4434.0,42.0,9.0,2.0,29.0,2.0,0.0,0.0,0.0,0.0
11713.0,36.0,8.0,3.0,8.0,3.0,0.0,0.0,0.0,0.0
2619.0,38.0,0.0,1.0,1.0,2.0,0.0,1.0,0.0,0.0
10496.0,50.0,4.0,3.0,10.0,3.0,0.0,1.0,0.0,0.0
4317.0,38.0,3.0,2.0,3.0,3.0,0.0,1.0,0.0,1.0
2696.0,42.0,3.0,1.0,2.0,3.0,0.0,0.0,1.0,1.0
10231.0,43.0,21.0,3.0,4.0,4.0,0.0,1.0,0.0,0.0
8789.0,35.0,10.0,3.0,1.0,4.0,0.0,1.0,0.0,0.0
4035.0,55.0,3.0,2.0,4.0,3.0,0.0,0.0,0.0,1.0
4051.0,48.0,9.0,2.0,2.0,3.0,0.0,0.0,0.0,0.0
10920.0,39.0,6.0,3.0,25.0,3.0,0.0,0.0,0.0,0.0
2362.0,29.0,9.0,1.0,1.0,1.0,1.0,1.0,0.0,0.0
19049.0,44.0,22.0,5.0,7.0,2.0,0.0,0.0,1.0,1.0
3737.0,34.0,3.0,1.0,3.0,1.0,0.0,0.0,0.0,0.0
5253.0,28.0,7.0,2.0,9.0,3.0,0.0,1.0,0.0,0.0
2778.0,41.0,7.0,1.0,2.0,2.0,1.0,0.0,1.0,1.0
2532.0,29.0,4.0,1.0,7.0,3.0,0.0,0.0,1.0,0.0
5743.0,44.0,10.0,2.0,1.0,3.0,0.0,0.0,0.0,1.0
3629.0,37.0,3.0,1.0,11.0,3.0,0.0,1.0,0.0,0.0
2436.0,33.0,5.0,1.0,14.0,1.0,1.0,0.0,0.0,1.0
9613.0,39.0,18.0,3.0,1.0,2.0,0.0,0.0,1.0,0.0
18947.0,46.0,2.0,5.0,2.0,2.0,0.0,1.0,0.0,0.0
2368.0,26.0,5.0,1.0,6.0,2.0,0.0,0.0,0.0,0.0
2089.0,43.0,5.0,1.0,7.0,4.0,0.0,0.0,1.0,0.0
3931.0,32.0,4.0,1.0,4.0,3.0,0.0,0.0,0.0,0.0
10609.0,38.0,16.0,3.0,3.0,2.0,0.0,0.0,1.0,0.0
4851.0,25.0,3.0,2.0,8.0,3.0,0.0,0.0,0.0,0.0
4998.0,32.0,8.0,2.0,2.0,3.0,0.0,1.0,0.0,1.0
3034.0,37.0,18.0,1.0,14.0,2.0,0.0,0.0,1.0,0.0
3697.0,45.0,10.0,2.0,8.0,3.0,0.0,0.0,0.0,0.0
5467.0,41.0,6.0,2.0,22.0,2.0,0.0,0.0,1.0,1.0
2404.0,35.0,1.0,1.0,7.0,3.0,0.0,0.0,0.0,0.0
4037.0,33.0,9.0,2.0,1.0,3.0,0.0,0.0,1.0,0.0
18430.0,42.0,24.0,5.0,8.0,2.0,0.0,0.0,1.0,0.0
2996.0,37.0,6.0,1.0,4.0,3.0,0.0,0.0,0.0,1.0
6125.0,34.0,10.0,2.0,15.0,4.0,0.0,1.0,0.0,0.0
2686.0,33.0,10.0,1.0,1.0,2.0,1.0,1.0,0.0,1.0
6687.0,34.0,14.0,2.0,2.0,4.0,0.0,1.0,0.0,0.0
13582.0,38.0,15.0,3.0,1.0,3.0,0.0,0.0,0.0,0.0
5337.0,34.0,10.0,2.0,21.0,3.0,0.0,1.0,0.0,0.0
10466.0,49.0,8.0,3.0,7.0,3.0,0.0,0.0,1.0,0.0
6549.0,28.0,8.0,2.0,29.0,2.0,0.0,0.0,0.0,0.0
18041.0,40.0,20.0,5.0,2.0,3.0,0.0,0.0,0.0,0.0
8189.0,41.0,9.0,3.0,9.0,3.0,0.0,0.0,1.0,1.0
2235.0,27.0,9.0,1.0,14.0,2.0,0.0,0.0,0.0,1.0
3600.0,33.0,5.0,1.0,2.0,3.0,0.0,0.0,0.0,0.0
6553.0,38.0,1.0,2.0,2.0,3.0,0.0,0.0,0.0,0.0
5561.0,29.0,6.0,2.0,3.0,2.0,0.0,0.0,0.0,0.0
5209.0,30.0,11.0,2.0,4.0,2.0,0.0,0.0,1.0,1.0
5415.0,55.0,10.0,2.0,20.0,3.0,0.0,0.0,0.0,1.0
2871.0,22.0,0.0,1.0,15.0,3.0,0.0,1.0,0.0,0.0
10739.0,54.0,10.0,3.0,17.0,3.0,0.0,0.0,0.0,0.0
9362.0,35.0,2.0,3.0,18.0,3.0,0.0,1.0,0.0,0.0
19999.0,52.0,33.0,5.0,1.0,3.0,0.0,0.0,0.0,0.0
4841.0,42.0,1.0,1.0,2.0,3.0,0.0,0.0,0.0,0.0
6540.0,35.0,1.0,2.0,9.0,3.0,0.0,1.0,0.0,0.0
4294.0,26.0,7.0,2.0,1.0,3.0,0.0,1.0,0.0,0.0
4420.0,26.0,8.0,1.0,3.0,3.0,0.0,0.0,0.0,0.0
5484.0,34.0,2.0,2.0,1.0,2.0,0.0,0.0,0.0,0.0
10312.0,58.0,40.0,3.0,23.0,2.0,0.0,0.0,0.0,0.0
6244.0,42.0,5.0,2.0,14.0,3.0,0.0,1.0,0.0,0.0
8376.0,39.0,2.0,3.0,6.0,3.0,0.0,1.0,0.0,0.0
5324.0,33.0,3.0,2.0,16.0,3.0,1.0,1.0,0.0,0.0
2042.0,26.0,3.0,1.0,2.0,3.0,1.0,0.0,0.0,1.0
2743.0,32.0,2.0,1.0,13.0,3.0,0.0,0.0,0.0,0.0
11849.0,47.0,10.0,3.0,29.0,2.0,1.0,0.0,0.0,1.0
3955.0,26.0,5.0,1.0,1.0,3.0,0.0,0.0,0.0,0.0
19502.0,49.0,31.0,5.0,18.0,3.0,0.0,0.0,1.0,1.0
2976.0,47.0,0.0,2.0,4.0,3.0,0.0,1.0,0.0,0.0
6347.0,30.0,11.0,2.0,9.0,1.0,0.0,0.0,0.0,1.0
4424.0,31.0,11.0,2.0,8.0,3.0,0.0,1.0,0.0,0.0
5577.0,52.0,10.0,2.0,6.0,3.0,0.0,0.0,1.0,1.0
13726.0,59.0,5.0,4.0,2.0,3.0,0.0,1.0,0.0,1.0
4233.0,31.0,3.0,2.0,13.0,1.0,0.0,0.0,1.0,0.0
2723.0,51.0,1.0,1.0,1.0,2.0,0.0,0.0,0.0,0.0
2380.0,58.0,1.0,1.0,2.0,2.0,1.0,0.0,1.0,1.0
2973.0,20.0,1.0,1.0,4.0,3.0,1.0,1.0,0.0,0.0
18303.0,42.0,1.0,5.0,5.0,4.0,0.0,0.0,0.0,0.0
2413.0,25.0,1.0,1.0,19.0,3.0,1.0,0.0,0.0,1.0
2213.0,40.0,7.0,1.0,10.0,3.0,0.0,0.0,0.0,1.0
19586.0,55.0,36.0,5.0,26.0,3.0,0.0,0.0,0.0,0.0
1281.0,35.0,1.0,1.0,3.0,3.0,0.0,0.0,0.0,0.0
3669.0,25.0,3.0,1.0,19.0,2.0,0.0,0.0,0.0,0.0
2356.0,31.0,6.0,1.0,11.0,3.0,0.0,0.0,0.0,1.0
6118.0,30.0,10.0,2.0,5.0,3.0,0.0,0.0,1.0,0.0
5985.0,44.0,2.0,2.0,1.0,4.0,0.0,1.0,0.0,0.0
3894.0,22.0,2.0,1.0,4.0,3.0,0.0,1.0,0.0,0.0
4728.0,50.0,0.0,2.0,1.0,3.0,0.0,1.0,0.0,1.0
3319.0,40.0,9.0,2.0,24.0,3.0,0.0,0.0,1.0,0.0
2725.0,24.0,6.0,1.0,23.0,3.0,0.0,0.0,0.0,1.0
2201.0,29.0,3.0,1.0,23.0,3.0,0.0,1.0,0.0,0.0
2293.0,26.0,1.0,1.0,25.0,2.0,1.0,1.0,0.0,0.0
4425.0,35.0,6.0,2.0,2.0,3.0,0.0,1.0,0.0,0.0
6929.0,31.0,8.0,2.0,7.0,2.0,0.0,0.0,0.0,0.0
10169.0,53.0,33.0,3.0,2.0,3.0,0.0,0.0,0.0,0.0
2500.0,23.0,4.0,1.0,9.0,4.0,0.0,0.0,0.0,0.0
2515.0,28.0,1.0,1.0,12.0,2.0,1.0,0.0,0.0,1.0
9582.0,35.0,8.0,3.0,4.0,3.0,1.0,1.0,0.0,1.0
2342.0,33.0,2.0,1.0,8.0,2.0,0.0,1.0,0.0,0.0
2564.0,30.0,11.0,1.0,2.0,2.0,0.0,1.0,0.0,0.0
10798.0,43.0,1.0,3.0,25.0,3.0,0.0,0.0,1.0,0.0
2258.0,35.0,8.0,1.0,1.0,3.0,0.0,0.0,0.0,0.0
4298.0,27.0,2.0,2.0,1.0,3.0,0.0,0.0,0.0,0.0
6646.0,35.0,17.0,2.0,6.0,3.0,0.0,1.0,0.0,0.0
2329.0,31.0,7.0,1.0,7.0,4.0,0.0,0.0,0.0,0.0
3348.0,33.0,10.0,1.0,3.0,3.0,1.0,1.0,0.0,1.0
2713.0,28.0,5.0,1.0,21.0,1.0,0.0,0.0,0.0,0.0
4537.0,47.0,7.0,2.0,2.0,3.0,0.0,0.0,0.0,1.0
17181.0,41.0,7.0,4.0,10.0,2.0,0.0,0.0,1.0,0.0
3505.0,23.0,2.0,1.0,10.0,3.0,0.0,1.0,0.0,0.0
2774.0,24.0,5.0,1.0,18.0,3.0,0.0,0.0,0.0,0.0
5010.0,32.0,11.0,2.0,6.0,3.0,0.0,1.0,0.0,0.0
2693.0,30.0,1.0,1.0,24.0,3.0,0.0,0.0,1.0,0.0
16437.0,40.0,21.0,4.0,6.0,3.0,0.0,1.0,0.0,1.0
4000.0,25.0,6.0,2.0,5.0,3.0,0.0,0.0,1.0,0.0
16799.0,42.0,20.0,4.0,10.0,3.0,0.0,0.0,0.0,0.0
9094.0,40.0,5.0,3.0,25.0,3.0,1.0,1.0,0.0,1.0
4163.0,47.0,9.0,2.0,4.0,3.0,0.0,1.0,0.0,1.0
7725.0,33.0,13.0,2.0,6.0,1.0,0.0,0.0,1.0,0.0
2523.0,22.0,2.0,1.0,2.0,3.0,0.0,0.0,0.0,0.0
2690.0,35.0,1.0,1.0,7.0,2.0,0.0,0.0,0.0,0.0
9419.0,30.0,10.0,3.0,5.0,3.0,0.0,0.0,0.0,0.0
5265.0,42.0,5.0,2.0,21.0,3.0,0.0,0.0,1.0,0.0
3388.0,36.0,1.0,1.0,9.0,2.0,1.0,0.0,0.0,1.0
2370.0,32.0,8.0,1.0,2.0,3.0,0.0,0.0,0.0,0.0
6447.0,37.0,6.0,2.0,1.0,2.0,0.0,0.0,0.0,0.0
18722.0,55.0,24.0,5.0,14.0,3.0,0.0,1.0,0.0,0.0
6499.0,36.0,6.0,2.0,11.0,3.0,0.0,1.0,0.0,0.0
7756.0,34.0,6.0,2.0,3.0,2.0,0.0,1.0,0.0,0.0
16872.0,46.0,7.0,4.0,2.0,2.0,0.0,0.0,0.0,1.0
2404.0,39.0,2.0,1.0,6.0,1.0,1.0,0.0,0.0,1.0
4741.0,26.0,5.0,2.0,11.0,3.0,0.0,0.0,0.0,1.0
4577.0,24.0,2.0,2.0,3.0,3.0,0.0,1.0,0.0,0.0
5258.0,46.0,1.0,2.0,7.0,4.0,0.0,0.0,0.0,0.0
1611.0,18.0,0.0,1.0,1.0,4.0,0.0,1.0,0.0,0.0
2670.0,59.0,1.0,1.0,3.0,2.0,0.0,0.0,0.0,1.0
19566.0,60.0,29.0,5.0,7.0,1.0,0.0,0.0,0.0,0.0
7083.0,34.0,10.0,3.0,1.0,3.0,0.0,0.0,0.0,1.0
4011.0,30.0,12.0,2.0,1.0,3.0,0.0,1.0,0.0,0.0
11245.0,50.0,30.0,4.0,20.0,3.0,0.0,0.0,0.0,1.0
5067.0,47.0,19.0,2.0,16.0,4.0,0.0,0.0,1.0,1.0
2096.0,25.0,7.0,1.0,13.0,3.0,0.0,0.0,0.0,0.0
13269.0,50.0,14.0,3.0,17.0,3.0,0.0,0.0,1.0,0.0
3441.0,28.0,2.0,1.0,5.0,2.0,1.0,1.0,0.0,1.0
4306.0,26.0,0.0,2.0,29.0,3.0,0.0,0.0,1.0,0.0
4834.0,36.0,1.0,2.0,15.0,2.0,0.0,0.0,1.0,0.0
10048.0,37.0,1.0,3.0,10.0,3.0,0.0,0.0,1.0,0.0
8865.0,45.0,19.0,3.0,6.0,3.0,0.0,1.0,0.0,0.0
10221.0,35.0,8.0,3.0,7.0,4.0,0.0,1.0,0.0,0.0
17861.0,42.0,20.0,4.0,2.0,2.0,0.0,0.0,0.0,1.0
8639.0,25.0,2.0,2.0,28.0,3.0,0.0,0.0,0.0,0.0
12169.0,39.0,18.0,4.0,2.0,3.0,0.0,0.0,1.0,0.0
3673.0,42.0,12.0,1.0,9.0,3.0,0.0,1.0,0.0,0.0
2773.0,22.0,2.0,1.0,6.0,3.0,0.0,0.0,0.0,0.0
3376.0,41.0,10.0,1.0,7.0,3.0,0.0,0.0,0.0,0.0
9980.0,36.0,10.0,3.0,10.0,2.0,0.0,1.0,0.0,0.0
2422.0,30.0,3.0,1.0,5.0,3.0,0.0,1.0,0.0,0.0
7446.0,31.0,10.0,3.0,1.0,3.0,0.0,1.0,0.0,0.0
7379.0,46.0,6.0,2.0,2.0,2.0,0.0,0.0,1.0,0.0
9924.0,38.0,9.0,2.0,14.0,3.0,0.0,0.0,0.0,0.0
7143.0,31.0,11.0,3.0,7.0,2.0,0.0,1.0,0.0,1.0
13237.0,40.0,20.0,4.0,6.0,3.0,0.0,1.0,0.0,0.0
10502.0,54.0,5.0,3.0,1.0,1.0,0.0,0.0,1.0,0.0
2042.0,44.0,3.0,2.0,23.0,4.0,0.0,0.0,0.0,0.0
6232.0,25.0,3.0,2.0,18.0,2.0,0.0,0.0,0.0,0.0
5329.0,38.0,13.0,2.0,6.0,3.0,0.0,0.0,1.0,1.0
2693.0,21.0,1.0,1.0,18.0,2.0,1.0,1.0,0.0,0.0
2426.0,35.0,5.0,1.0,16.0,3.0,0.0,0.0,0.0,0.0
16627.0,43.0,1.0,4.0,6.0,2.0,0.0,0.0,1.0,1.0
13770.0,47.0,22.0,4.0,3.0,2.0,0.0,0.0,1.0,1.0
5765.0,29.0,5.0,2.0,13.0,1.0,1.0,1.0,0.0,0.0
6651.0,49.0,3.0,2.0,5.0,2.0,0.0,0.0,0.0,0.0
12061.0,38.0,10.0,3.0,25.0,3.0,0.0,0.0,0.0,0.0
5332.0,31.0,5.0,2.0,2.0,3.0,0.0,1.0,0.0,0.0
2886.0,26.0,3.0,1.0,23.0,1.0,0.0,0.0,1.0,0.0
4081.0,43.0,20.0,2.0,6.0,1.0,0.0,1.0,0.0,1.0
2351.0,34.0,2.0,1.0,6.0,2.0,0.0,0.0,1.0,0.0
2127.0,41.0,4.0,1.0,5.0,2.0,0.0,0.0,0.0,1.0
2232.0,39.0,3.0,1.0,1.0,3.0,0.0,0.0,1.0,0.0
4907.0,42.0,20.0,2.0,1.0,3.0,0.0,0.0,0.0,0.0
2090.0,37.0,0.0,1.0,2.0,3.0,1.0,1.0,0.0,1.0
6545.0,42.0,3.0,2.0,17.0,3.0,0.0,1.0,0.0,1.0
4855.0,38.0,5.0,2.0,2.0,3.0,0.0,0.0,0.0,0.0
2244.0,22.0,2.0,1.0,11.0,3.0,0.0,0.0,0.0,0.0
17465.0,46.0,12.0,4.0,3.0,3.0,0.0,0.0,0.0,0.0
6586.0,36.0,16.0,2.0,14.0,2.0,0.0,0.0,0.0,1.0
3419.0,36.0,1.0,1.0,5.0,4.0,0.0,0.0,0.0,1.0
12504.0,48.0,0.0,3.0,29.0,1.0,0.0,0.0,0.0,0.0
6179.0,31.0,10.0,2.0,22.0,2.0,1.0,0.0,0.0,1.0
3875.0,50.0,2.0,1.0,8.0,3.0,0.0,0.0,0.0,0.0
4717.0,35.0,11.0,2.0,1.0,3.0,0.0,0.0,0.0,0.0
3743.0,35.0,4.0,1.0,14.0,1.0,1.0,0.0,1.0,1.0
2141.0,30.0,6.0,1.0,7.0,2.0,0.0,0.0,0.0,0.0
5772.0,46.0,9.0,2.0,5.0,3.0,0.0,1.0,0.0,1.0
3617.0,40.0,1.0,1.0,9.0,3.0,0.0,0.0,1.0,1.0
2096.0,25.0,2.0,1.0,1.0,2.0,0.0,1.0,0.0,0.0
6567.0,49.0,15.0,2.0,20.0,2.0,0.0,0.0,0.0,0.0
1601.0,23.0,0.0,1.0,6.0,3.0,1.0,0.0,0.0,1.0
3646.0,39.0,1.0,1.0,2.0,4.0,1.0,1.0,0.0,1.0
2756.0,33.0,8.0,1.0,14.0,3.0,0.0,0.0,0.0,0.0
5485.0,54.0,5.0,2.0,19.0,3.0,0.0,0.0,1.0,1.0
12490.0,51.0,10.0,3.0,8.0,1.0,0.0,0.0,0.0,0.0
10793.0,31.0,13.0,3.0,8.0,3.0,0.0,0.0,1.0,0.0
4556.0,42.0,5.0,2.0,29.0,3.0,0.0,0.0,1.0,0.0
2290.0,44.0,0.0,1.0,17.0,3.0,0.0,1.0,0.0,0.0
4422.0,40.0,1.0,2.0,26.0,1.0,0.0,0.0,0.0,1.0
4558.0,28.0,10.0,2.0,17.0,3.0,0.0,0.0,1.0,0.0
7918.0,29.0,11.0,3.0,1.0,3.0,0.0,0.0,0.0,0.0
6833.0,31.0,6.0,2.0,11.0,2.0,0.0,0.0,0.0,1.0
10248.0,44.0,22.0,3.0,7.0,3.0,0.0,0.0,0.0,0.0
2389.0,29.0,4.0,1.0,18.0,2.0,1.0,1.0,0.0,1.0
17861.0,46.0,3.0,4.0,2.0,1.0,0.0,0.0,0.0,0.0
7637.0,59.0,21.0,3.0,25.0,2.0,0.0,1.0,0.0,0.0
6949.0,33.0,5.0,2.0,1.0,3.0,0.0,1.0,0.0,0.0
2086.0,39.0,1.0,2.0,5.0,4.0,0.0,0.0,0.0,0.0
2678.0,20.0,2.0,1.0,21.0,3.0,0.0,1.0,0.0,0.0
5376.0,33.0,5.0,2.0,1.0,3.0,0.0,0.0,0.0,0.0
3780.0,54.0,1.0,2.0,8.0,3.0,0.0,1.0,0.0,0.0
6377.0,40.0,12.0,2.0,2.0,3.0,0.0,0.0,1.0,0.0
2559.0,48.0,1.0,1.0,2.0,2.0,0.0,1.0,0.0,0.0
19197.0,39.0,21.0,5.0,1.0,3.0,0.0,0.0,1.0,1.0
2366.0,26.0,8.0,1.0,5.0,3.0,1.0,0.0,0.0,1.0
11916.0,30.0,9.0,3.0,17.0,3.0,0.0,0.0,0.0,1.0
8847.0,36.0,3.0,2.0,9.0,3.0,0.0,0.0,1.0,1.0
2889.0,25.0,2.0,1.0,7.0,3.0,0.0,0.0,0.0,0.0
7260.0,56.0,6.0,3.0,7.0,2.0,0.0,1.0,0.0,0.0
6272.0,42.0,4.0,2.0,2.0,4.0,0.0,0.0,0.0,0.0
3722.0,31.0,2.0,1.0,2.0,1.0,1.0,0.0,0.0,1.0
4198.0,38.0,3.0,2.0,16.0,4.0,0.0,1.0,0.0,0.0
19190.0,44.0,25.0,5.0,4.0,2.0,0.0,0.0,1.0,0.0
13458.0,33.0,15.0,3.0,1.0,3.0,0.0,1.0,0.0,1.0
4736.0,30.0,2.0,2.0,25.0,4.0,1.0,0.0,0.0,1.0
2168.0,29.0,5.0,1.0,15.0,2.0,1.0,0.0,0.0,1.0
4107.0,37.0,4.0,2.0,3.0,2.0,0.0,1.0,0.0,0.0
5679.0,43.0,8.0,2.0,9.0,3.0,0.0,0.0,1.0,1.0
5171.0,59.0,6.0,2.0,3.0,3.0,0.0,1.0,0.0,0.0
14026.0,51.0,33.0,4.0,5.0,3.0,0.0,0.0,1.0,1.0
4639.0,40.0,5.0,2.0,14.0,3.0,0.0,0.0,0.0,0.0
19406.0,54.0,4.0,5.0,5.0,2.0,0.0,0.0,0.0,0.0
10965.0,49.0,5.0,3.0,7.0,3.0,0.0,1.0,0.0,0.0
5916.0,35.0,1.0,2.0,23.0,3.0,1.0,0.0,0.0,1.0
6180.0,25.0,6.0,2.0,26.0,2.0,0.0,1.0,0.0,0.0
19847.0,51.0,29.0,5.0,9.0,2.0,0.0,0.0,1.0,1.0
4765.0,43.0,1.0,2.0,8.0,4.0,0.0,0.0,1.0,0.0
7978.0,44.0,10.0,3.0,15.0,3.0,0.0,0.0,0.0,0.0
3479.0,31.0,5.0,1.0,29.0,4.0,0.0,1.0,0.0,0.0
2177.0,45.0,6.0,1.0,24.0,3.0,0.0,1.0,0.0,0.0
4069.0,40.0,2.0,2.0,8.0,3.0,0.0,0.0,1.0,1.0
6397.0,26.0,6.0,2.0,1.0,1.0,0.0,0.0,1.0,0.0
6653.0,36.0,1.0,2.0,1.0,3.0,0.0,1.0,0.0,0.0
3204.0,30.0,3.0,1.0,5.0,3.0,0.0,0.0,1.0,0.0
2799.0,33.0,3.0,1.0,1.0,3.0,0.0,1.0,0.0,1.0
2875.0,26.0,8.0,1.0,4.0,2.0,0.0,1.0,0.0,1.0
6032.0,41.0,5.0,2.0,6.0,3.0,0.0,1.0,0.0,1.0
2789.0,31.0,2.0,1.0,5.0,2.0,0.0,0.0,1.0,0.0
2362.0,44.0,3.0,1.0,3.0,4.0,0.0,0.0,0.0,0.0
8726.0,27.0,9.0,3.0,8.0,3.0,0.0,1.0,0.0,0.0
10650.0,51.0,4.0,3.0,8.0,3.0,1.0,1.0,0.0,0.0
4779.0,28.0,8.0,2.0,2.0,3.0,0.0,0.0,0.0,1.0
4883.0,32.0,10.0,2.0,7.0,3.0,0.0,0.0,0.0,0.0
4647.0,27.0,6.0,2.0,3.0,3.0,0.0,0.0,1.0,1.0
1009.0,20.0,1.0,1.0,10.0,3.0,1.0,1.0,0.0,1.0
2348.0,45.0,17.0,2.0,9.0,1.0,0.0,0.0,1.0,0.0
6439.0,48.0,8.0,2.0,16.0,3.0,0.0,0.0,1.0,0.0
2231.0,34.0,4.0,1.0,2.0,3.0,0.0,0.0,0.0,0.0
7525.0,53.0,15.0,3.0,2.0,3.0,0.0,0.0,0.0,0.0
5249.0,38.0,8.0,2.0,2.0,3.0,0.0,0.0,0.0,0.0
7655.0,28.0,9.0,3.0,3.0,2.0,0.0,0.0,1.0,0.0
4227.0,27.0,3.0,2.0,2.0,3.0,0.0,0.0,0.0,0.0
2519.0,36.0,11.0,1.0,2.0,3.0,0.0,1.0,0.0,0.0
8834.0,37.0,9.0,3.0,9.0,3.0,0.0,0.0,1.0,0.0
4302.0,33.0,3.0,2.0,7.0,3.0,0.0,0.0,0.0,0.0
3291.0,29.0,7.0,1.0,10.0,2.0,0.0,0.0,1.0,0.0
6755.0,57.0,3.0,2.0,1.0,3.0,0.0,0.0,0.0,0.0
18665.0,49.0,3.0,5.0,10.0,3.0,0.0,1.0,0.0,1.0
13499.0,40.0,18.0,3.0,9.0,2.0,0.0,1.0,0.0,0.0
3692.0,36.0,11.0,1.0,3.0,2.0,0.0,0.0,0.0,0.0
3210.0,36.0,15.0,1.0,6.0,3.0,0.0,0.0,0.0,0.0
5210.0,45.0,24.0,3.0,7.0,3.0,0.0,0.0,1.0,0.0
2022.0,35.0,10.0,1.0,25.0,2.0,1.0,0.0,1.0,1.0
5433.0,34.0,11.0,2.0,3.0,3.0,0.0,0.0,1.0,0.0
5220.0,60.0,11.0,2.0,7.0,3.0,0.0,0.0,1.0,1.0
6091.0,30.0,5.0,2.0,2.0,3.0,0.0,1.0,0.0,0.0
2811.0,27.0,2.0,1.0,16.0,3.0,0.0,0.0,0.0,0.0
3708.0,44.0,5.0,1.0,24.0,3.0,0.0,1.0,0.0,0.0
2625.0,21.0,2.0,1.0,10.0,1.0,1.0,1.0,0.0,0.0
13964.0,49.0,7.0,4.0,1.0,3.0,0.0,1.0,0.0,1.0
5396.0,32.0,10.0,2.0,10.0,2.0,0.0,1.0,0.0,0.0
7412.0,27.0,9.0,3.0,1.0,3.0,0.0,0.0,0.0,0.0
2132.0,30.0,5.0,1.0,22.0,3.0,1.0,0.0,0.0,1.0
19331.0,50.0,1.0,5.0,9.0,3.0,0.0,0.0,0.0,1.0
16555.0,52.0,5.0,4.0,4.0,1.0,0.0,0.0,0.0,0.0
3691.0,25.0,7.0,1.0,4.0,4.0,0.0,0.0,0.0,1.0
5593.0,45.0,15.0,2.0,9.0,3.0,0.0,0.0,0.0,0.0
2979.0,34.0,0.0,1.0,3.0,3.0,0.0,0.0,0.0,0.0
2926.0,20.0,1.0,1.0,6.0,3.0,1.0,1.0,0.0,1.0
2326.0,37.0,4.0,1.0,9.0,2.0,0.0,0.0,0.0,1.0
3294.0,47.0,3.0,1.0,2.0,2.0,0.0,1.0,0.0,1.0
6272.0,26.0,5.0,2.0,28.0,4.0,0.0,0.0,0.0,0.0
2174.0,21.0,3.0,1.0,1.0,3.0,1.0,1.0,0.0,1.0
6465.0,44.0,4.0,2.0,10.0,4.0,0.0,0.0,0.0,1.0
2455.0,43.0,8.0,1.0,10.0,3.0,0.0,1.0,0.0,0.0
7104.0,33.0,5.0,2.0,8.0,3.0,0.0,0.0,1.0,0.0
2238.0,41.0,5.0,1.0,9.0,3.0,0.0,0.0,0.0,0.0
4148.0,31.0,4.0,2.0,1.0,3.0,0.0,0.0,0.0,0.0
19272.0,39.0,21.0,5.0,7.0,3.0,0.0,0.0,0.0,0.0
7491.0,37.0,6.0,3.0,1.0,4.0,0.0,1.0,0.0,0.0
2430.0,35.0,5.0,1.0,28.0,3.0,0.0,0.0,0.0,0.0
12808.0,27.0,9.0,3.0,5.0,3.0,0.0,0.0,1.0,1.0
5175.0,32.0,5.0,2.0,8.0,2.0,0.0,0.0,0.0,0.0
4162.0,24.0,5.0,2.0,4.0,3.0,0.0,0.0,0.0,1.0
10435.0,40.0,18.0,3.0,15.0,3.0,0.0,0.0,0.0,0.0
13577.0,55.0,33.0,4.0,8.0,3.0,0.0,0.0,1.0,1.0
10445.0,52.0,8.0,3.0,7.0,3.0,0.0,1.0,0.0,0.0
5902.0,39.0,15.0,2.0,4.0,4.0,0.0,0.0,0.0,0.0
4345.0,31.0,5.0,2.0,1.0,3.0,0.0,0.0,0.0,0.0
6172.0,31.0,7.0,2.0,6.0,2.0,1.0,0.0,0.0,1.0
6852.0,40.0,5.0,2.0,10.0,4.0,0.0,0.0,1.0,0.0
8474.0,30.0,11.0,3.0,1.0,3.0,0.0,1.0,0.0,0.0
10475.0,40.0,18.0,3.0,5.0,3.0,0.0,0.0,0.0,1.0
17169.0,47.0,20.0,4.0,2.0,4.0,0.0,0.0,0.0,0.0
7880.0,39.0,8.0,3.0,2.0,3.0,0.0,1.0,0.0,0.0
10673.0,46.0,10.0,3.0,1.0,2.0,0.0,0.0,0.0,1.0
4568.0,34.0,9.0,2.0,23.0,3.0,0.0,1.0,0.0,0.0
2313.0,33.0,2.0,1.0,25.0,3.0,1.0,1.0,0.0,1.0
3408.0,33.0,4.0,1.0,10.0,3.0,0.0,0.0,1.0,0.0
1102.0,19.0,1.0,1.0,2.0,2.0,1.0,1.0,0.0,0.0
6434.0,45.0,3.0,2.0,7.0,3.0,0.0,0.0,0.0,0.0
2011.0,44.0,10.0,1.0,2.0,3.0,0.0,0.0,0.0,0.0
4285.0,37.0,10.0,2.0,13.0,3.0,0.0,0.0,0.0,0.0
8793.0,27.0,9.0,3.0,10.0,2.0,0.0,0.0,1.0,0.0
8500.0,34.0,9.0,3.0,9.0,2.0,0.0,0.0,1.0,0.0
3212.0,52.0,2.0,1.0,2.0,2.0,0.0,1.0,0.0,0.0
4869.0,54.0,4.0,2.0,20.0,2.0,0.0,1.0,0.0,0.0
3506.0,35.0,3.0,1.0,6.0,3.0,0.0,0.0,0.0,1.0
4152.0,30.0,11.0,2.0,2.0,3.0,0.0,0.0,0.0,0.0
3038.0,36.0,1.0,1.0,6.0,3.0,0.0,0.0,0.0,0.0
2610.0,31.0,2.0,1.0,15.0,2.0,0.0,0.0,0.0,0.0
4969.0,26.0,2.0,2.0,29.0,3.0,1.0,1.0,0.0,0.0
3867.0,28.0,2.0,1.0,2.0,3.0,0.0,0.0,0.0,1.0
5326.0,26.0,4.0,2.0,8.0,2.0,1.0,1.0,0.0,0.0
2791.0,31.0,2.0,1.0,20.0,3.0,0.0,0.0,0.0,0.0
2451.0,41.0,9.0,1.0,14.0,3.0,0.0,0.0,1.0,0.0
2342.0,36.0,5.0,1.0,8.0,3.0,0.0,0.0,0.0,0.0
10609.0,37.0,14.0,3.0,1.0,1.0,1.0,0.0,0.0,0.0
7457.0,40.0,4.0,2.0,1.0,2.0,0.0,0.0,0.0,1.0
17399.0,50.0,5.0,4.0,1.0,2.0,0.0,0.0,1.0,0.0
3298.0,32.0,6.0,1.0,5.0,2.0,0.0,0.0,1.0,1.0
2800.0,29.0,3.0,1.0,1.0,3.0,1.0,0.0,1.0,1.0
5769.0,27.0,6.0,2.0,10.0,3.0,0.0,0.0,0.0,1.0
2691.0,34.0,10.0,1.0,1.0,2.0,0.0,0.0,0.0,0.0
15992.0,42.0,1.0,4.0,23.0,3.0,0.0,1.0,0.0,0.0
6524.0,32.0,10.0,2.0,5.0,3.0,0.0,0.0,0.0,0.0
5915.0,31.0,7.0,2.0,7.0,2.0,0.0,0.0,1.0,0.0
2306.0,53.0,7.0,2.0,6.0,1.0,0.0,0.0,0.0,1.0
7484.0,51.0,13.0,3.0,1.0,2.0,0.0,1.0,0.0,0.0
4522.0,43.0,5.0,2.0,8.0,3.0,0.0,0.0,1.0,1.0
3312.0,32.0,3.0,1.0,5.0,3.0,0.0,0.0,0.0,0.0
3622.0,34.0,6.0,1.0,1.0,3.0,0.0,0.0,0.0,1.0
3904.0,39.0,5.0,1.0,23.0,3.0,1.0,1.0,0.0,0.0
7988.0,29.0,10.0,3.0,17.0,2.0,0.0,1.0,0.0,0.0
4373.0,33.0,4.0,2.0,7.0,3.0,0.0,0.0,0.0,0.0
17046.0,50.0,27.0,4.0,29.0,3.0,0.0,0.0,0.0,0.0
16856.0,52.0,34.0,4.0,3.0,4.0,0.0,0.0,0.0,0.0
14852.0,53.0,17.0,4.0,2.0,4.0,0.0,0.0,1.0,0.0
4627.0,30.0,9.0,2.0,6.0,3.0,0.0,0.0,0.0,0.0
10686.0,54.0,9.0,3.0,2.0,3.0,0.0,0.0,0.0,0.0
2394.0,27.0,8.0,1.0,17.0,3.0,1.0,1.0,0.0,1.0
3339.0,29.0,7.0,1.0,7.0,3.0,1.0,0.0,1.0,1.0
2476.0,30.0,1.0,1.0,2.0,3.0,0.0,0.0,0.0,0.0
4721.0,41.0,18.0,1.0,6.0,3.0,0.0,1.0,0.0,1.0
5410.0,36.0,16.0,2.0,2.0,3.0,0.0,1.0,0.0,1.0
2340.0,26.0,1.0,1.0,24.0,1.0,1.0,1.0,0.0,1.0
7625.0,38.0,9.0,2.0,1.0,2.0,0.0,1.0,0.0,0.0
2517.0,27.0,5.0,1.0,4.0,3.0,0.0,0.0,1.0,0.0
11691.0,33.0,13.0,3.0,7.0,4.0,0.0,0.0,0.0,0.0
2844.0,38.0,7.0,1.0,1.0,4.0,0.0,0.0,0.0,0.0
2376.0,35.0,2.0,1.0,4.0,4.0,0.0,0.0,0.0,0.0
5346.0,43.0,4.0,2.0,9.0,2.0,1.0,1.0,0.0,0.0
6632.0,45.0,8.0,2.0,2.0,3.0,0.0,1.0,0.0,0.0
2176.0,32.0,6.0,2.0,2.0,3.0,0.0,1.0,0.0,0.0
1483.0,19.0,1.0,1.0,3.0,3.0,0.0,1.0,0.0,0.0
17639.0,50.0,4.0,4.0,2.0,3.0,0.0,0.0,0.0,0.0
5304.0,34.0,5.0,2.0,19.0,2.0,1.0,1.0,0.0,1.0
3072.0,41.0,1.0,2.0,19.0,2.0,0.0,0.0,1.0,0.0
14756.0,55.0,5.0,4.0,8.0,3.0,0.0,0.0,1.0,1.0
8224.0,33.0,5.0,2.0,9.0,3.0,1.0,1.0,0.0,1.0
2683.0,50.0,3.0,1.0,3.0,3.0,1.0,0.0,0.0,1.0
2642.0,29.0,1.0,1.0,10.0,3.0,0.0,1.0,0.0,0.0
19613.0,42.0,1.0,5.0,9.0,3.0,0.0,1.0,0.0,0.0
5486.0,48.0,2.0,2.0,7.0,3.0,0.0,0.0,1.0,0.0
4668.0,32.0,8.0,2.0,9.0,4.0,0.0,0.0,1.0,0.0
3838.0,33.0,5.0,1.0,4.0,3.0,0.0,0.0,0.0,0.0
2904.0,23.0,4.0,1.0,26.0,2.0,0.0,0.0,1.0,0.0
6623.0,29.0,6.0,2.0,7.0,3.0,0.0,0.0,1.0,1.0
2821.0,38.0,2.0,1.0,3.0,3.0,0.0,0.0,0.0,0.0
6334.0,37.0,1.0,2.0,16.0,3.0,0.0,0.0,1.0,0.0
13734.0,51.0,7.0,4.0,3.0,3.0,0.0,1.0,0.0,0.0
19232.0,42.0,22.0,5.0,4.0,3.0,0.0,0.0,0.0,0.0
4621.0,27.0,3.0,1.0,8.0,3.0,0.0,0.0,0.0,0.0
6261.0,38.0,7.0,2.0,29.0,1.0,0.0,0.0,0.0,0.0
4193.0,29.0,9.0,2.0,15.0,3.0,0.0,1.0,0.0,1.0
4614.0,35.0,4.0,2.0,18.0,2.0,1.0,0.0,0.0,1.0
16032.0,54.0,14.0,4.0,11.0,3.0,0.0,0.0,1.0,0.0
19513.0,44.0,2.0,5.0,3.0,4.0,0.0,0.0,0.0,1.0
4194.0,25.0,5.0,2.0,3.0,3.0,0.0,0.0,0.0,1.0
6162.0,32.0,14.0,2.0,4.0,3.0,0.0,0.0,0.0,0.0
2546.0,29.0,2.0,1.0,25.0,4.0,1.0,0.0,0.0,0.0
2008.0,34.0,1.0,1.0,10.0,3.0,0.0,0.0,1.0,0.0
2911.0,33.0,2.0,1.0,5.0,2.0,0.0,0.0,0.0,0.0
3407.0,35.0,10.0,2.0,28.0,2.0,0.0,0.0,0.0,0.0
3468.0,27.0,2.0,1.0,2.0,3.0,0.0,0.0,0.0,0.0
2543.0,36.0,2.0,1.0,2.0,3.0,0.0,0.0,0.0,0.0
2694.0,24.0,1.0,1.0,9.0,3.0,0.0,0.0,1.0,0.0
8020.0,35.0,11.0,3.0,16.0,2.0,0.0,0.0,0.0,0.0
4148.0,35.0,14.0,2.0,8.0,3.0,0.0,0.0,0.0,0.0
3597.0,24.0,4.0,1.0,24.0,3.0,0.0,1.0,0.0,0.0
2153.0,36.0,8.0,1.0,18.0,3.0,0.0,1.0,0.0,0.0
4200.0,32.0,5.0,1.0,9.0,4.0,1.0,1.0,0.0,0.0
6201.0,36.0,18.0,2.0,1.0,2.0,0.0,0.0,0.0,1.0
2373.0,26.0,3.0,1.0,16.0,3.0,1.0,0.0,1.0,1.0
1702.0,38.0,1.0,1.0,2.0,3.0,0.0,0.0,0.0,1.0
3162.0,44.0,5.0,1.0,5.0,3.0,0.0,1.0,0.0,0.0
5484.0,32.0,13.0,2.0,7.0,2.0,0.0,0.0,0.0,0.0
16184.0,33.0,6.0,4.0,1.0,3.0,0.0,0.0,1.0,0.0
5079.0,36.0,7.0,2.0,8.0,3.0,0.0,0.0,1.0,0.0
13757.0,40.0,9.0,3.0,8.0,3.0,0.0,0.0,1.0,0.0
3760.0,29.0,3.0,1.0,1.0,3.0,0.0,0.0,1.0,0.0
3464.0,28.0,3.0,1.0,2.0,2.0,1.0,0.0,0.0,1.0
2341.0,27.0,1.0,1.0,2.0,3.0,0.0,0.0,1.0,0.0
2613.0,30.0,10.0,1.0,23.0,2.0,0.0,0.0,1.0,0.0
2007.0,26.0,5.0,1.0,1.0,3.0,0.0,0.0,1.0,0.0
17007.0,34.0,14.0,4.0,15.0,2.0,0.0,0.0,1.0,0.0
17779.0,54.0,10.0,4.0,3.0,3.0,0.0,0.0,0.0,0.0
3917.0,35.0,3.0,1.0,10.0,2.0,0.0,0.0,1.0,0.0
7945.0,40.0,4.0,3.0,16.0,2.0,0.0,1.0,0.0,1.0
4449.0,37.0,13.0,2.0,25.0,3.0,0.0,0.0,0.0,1.0
2935.0,22.0,1.0,1.0,16.0,2.0,0.0,0.0,1.0,1.0
7587.0,36.0,10.0,3.0,8.0,3.0,0.0,1.0,0.0,0.0
4382.0,28.0,2.0,1.0,2.0,2.0,0.0,1.0,0.0,0.0
3038.0,32.0,5.0,1.0,6.0,3.0,0.0,1.0,0.0,0.0
2342.0,40.0,4.0,1.0,2.0,2.0,0.0,1.0,0.0,1.0
2451.0,29.0,1.0,1.0,9.0,2.0,0.0,0.0,0.0,0.0
4403.0,32.0,5.0,2.0,13.0,2.0,0.0,0.0,1.0,0.0
4663.0,36.0,3.0,2.0,12.0,3.0,0.0,0.0,0.0,1.0
15402.0,48.0,3.0,4.0,1.0,1.0,0.0,0.0,0.0,0.0
4723.0,29.0,10.0,1.0,3.0,3.0,0.0,1.0,0.0,1.0
6932.0,31.0,9.0,2.0,20.0,2.0,0.0,0.0,0.0,0.0
13320.0,44.0,12.0,4.0,28.0,3.0,0.0,0.0,0.0,1.0
4559.0,31.0,2.0,2.0,20.0,3.0,1.0,0.0,0.0,1.0
7553.0,29.0,8.0,3.0,14.0,3.0,1.0,1.0,0.0,1.0
9396.0,46.0,4.0,3.0,1.0,3.0,0.0,0.0,1.0,0.0
2942.0,26.0,8.0,1.0,25.0,3.0,0.0,0.0,0.0,0.0
4541.0,44.0,20.0,2.0,29.0,3.0,0.0,1.0,0.0,0.0
5042.0,39.0,9.0,2.0,4.0,1.0,0.0,1.0,0.0,0.0
6162.0,32.0,9.0,2.0,1.0,3.0,0.0,0.0,0.0,1.0
2154.0,28.0,4.0,1.0,1.0,2.0,1.0,1.0,0.0,1.0
3117.0,21.0,2.0,1.0,5.0,3.0,0.0,1.0,0.0,0.0
7351.0,38.0,1.0,3.0,2.0,3.0,0.0,1.0,0.0,0.0
4960.0,47.0,7.0,2.0,14.0,3.0,0.0,1.0,0.0,0.0
3022.0,37.0,1.0,1.0,19.0,3.0,0.0,0.0,0.0,0.0
19033.0,40.0,20.0,5.0,4.0,3.0,0.0,0.0,0.0,0.0
7969.0,52.0,5.0,3.0,3.0,3.0,0.0,0.0,0.0,1.0
5429.0,34.0,8.0,2.0,29.0,3.0,0.0,0.0,0.0,0.0
10596.0,51.0,4.0,3.0,2.0,3.0,0.0,0.0,0.0,0.0
18789.0,46.0,11.0,5.0,4.0,3.0,0.0,0.0,0.0,0.0
6725.0,32.0,8.0,2.0,3.0,4.0,0.0,0.0,0.0,0.0
3579.0,30.0,11.0,1.0,1.0,3.0,0.0,0.0,0.0,1.0
4230.0,35.0,5.0,1.0,22.0,3.0,0.0,1.0,0.0,0.0
5582.0,31.0,9.0,2.0,23.0,3.0,0.0,0.0,0.0,0.0
2716.0,21.0,1.0,1.0,12.0,3.0,1.0,1.0,0.0,0.0
7596.0,36.0,10.0,3.0,2.0,3.0,0.0,0.0,0.0,0.0
4011.0,24.0,4.0,2.0,11.0,2.0,0.0,0.0,1.0,0.0
2996.0,34.0,4.0,1.0,1.0,3.0,0.0,0.0,1.0,0.0
2014.0,35.0,2.0,1.0,2.0,3.0,0.0,0.0,0.0,0.0
1675.0,19.0,0.0,1.0,22.0,2.0,1.0,1.0,0.0,1.0
14118.0,57.0,1.0,4.0,29.0,2.0,0.0,0.0,1.0,0.0
4031.0,25.0,2.0,1.0,3.0,3.0,1.0,0.0,0.0,0.0
2406.0,38.0,10.0,2.0,29.0,3.0,0.0,1.0,0.0,0.0
16595.0,41.0,18.0,4.0,2.0,3.0,0.0,0.0,0.0,0.0
5070.0,47.0,5.0,2.0,2.0,3.0,0.0,0.0,1.0,0.0
2994.0,19.0,1.0,1.0,25.0,3.0,0.0,1.0,0.0,1.0
19081.0,46.0,4.0,5.0,15.0,3.0,0.0,0.0,0.0,0.0
10482.0,44.0,20.0,3.0,1.0,3.0,0.0,0.0,0.0,0.0
4538.0,34.0,3.0,2.0,2.0,3.0,0.0,1.0,0.0,1.0
4197.0,37.0,1.0,2.0,10.0,2.0,0.0,1.0,0.0,1.0
19926.0,50.0,5.0,5.0,11.0,3.0,0.0,1.0,0.0,0.0
5363.0,35.0,9.0,2.0,1.0,3.0,0.0,0.0,0.0,0.0
17650.0,45.0,9.0,4.0,11.0,4.0,0.0,0.0,0.0,0.0
2781.0,33.0,14.0,1.0,9.0,3.0,0.0,0.0,0.0,0.0
4999.0,24.0,3.0,2.0,3.0,2.0,0.0,0.0,0.0,0.0
2657.0,30.0,5.0,1.0,3.0,3.0,1.0,1.0,0.0,1.0
9439.0,57.0,5.0,3.0,24.0,1.0,0.0,0.0,1.0,1.0
2073.0,23.0,2.0,1.0,10.0,3.0,0.0,0.0,0.0,0.0
6214.0,27.0,8.0,2.0,8.0,3.0,0.0,0.0,0.0,0.0
4724.0,34.0,9.0,2.0,10.0,3.0,0.0,0.0,1.0,0.0
19436.0,40.0,21.0,5.0,2.0,3.0,0.0,0.0,1.0,0.0
2956.0,32.0,1.0,1.0,1.0,3.0,0.0,1.0,0.0,0.0
1200.0,18.0,0.0,1.0,10.0,3.0,1.0,1.0,0.0,0.0
6288.0,38.0,4.0,2.0,12.0,2.0,0.0,0.0,1.0,0.0
4601.0,35.0,5.0,2.0,18.0,3.0,0.0,0.0,0.0,0.0
5770.0,45.0,10.0,2.0,2.0,3.0,0.0,0.0,1.0,0.0
13496.0,45.0,20.0,4.0,20.0,3.0,0.0,0.0,0.0,1.0
4936.0,51.0,7.0,2.0,14.0,2.0,0.0,0.0,0.0,0.0
3131.0,29.0,10.0,1.0,6.0,3.0,0.0,0.0,0.0,0.0
7756.0,38.0,5.0,3.0,2.0,4.0,0.0,0.0,0.0,1.0
10934.0,53.0,5.0,3.0,7.0,3.0,0.0,0.0,0.0,1.0
3485.0,28.0,0.0,1.0,2.0,1.0,1.0,1.0,0.0,0.0
16880.0,50.0,3.0,4.0,28.0,3.0,0.0,0.0,0.0,1.0
9998.0,33.0,5.0,2.0,5.0,4.0,0.0,0.0,0.0,0.0
10096.0,36.0,17.0,3.0,8.0,3.0,0.0,0.0,1.0,0.0
8606.0,35.0,11.0,3.0,16.0,1.0,0.0,1.0,0.0,0.0
4320.0,33.0,5.0,2.0,25.0,3.0,0.0,1.0,0.0,0.0
4523.0,42.0,6.0,2.0,28.0,4.0,0.0,0.0,0.0,0.0
4249.0,35.0,9.0,2.0,4.0,3.0,0.0,1.0,0.0,1.0
10306.0,35.0,13.0,3.0,10.0,3.0,0.0,0.0,0.0,0.0
2033.0,24.0,1.0,1.0,13.0,3.0,0.0,0.0,0.0,0.0
11904.0,59.0,6.0,3.0,1.0,1.0,0.0,0.0,0.0,1.0
8381.0,53.0,14.0,2.0,1.0,4.0,0.0,1.0,0.0,0.0
1232.0,21.0,0.0,1.0,15.0,3.0,0.0,1.0,0.0,0.0
5933.0,44.0,5.0,2.0,4.0,2.0,0.0,1.0,0.0,0.0
8237.0,39.0,7.0,3.0,6.0,3.0,0.0,0.0,0.0,0.0
19094.0,53.0,14.0,5.0,5.0,2.0,0.0,0.0,1.0,0.0
9957.0,30.0,6.0,2.0,20.0,2.0,0.0,0.0,0.0,0.0
5231.0,42.0,5.0,2.0,3.0,2.0,0.0,0.0,0.0,1.0
3423.0,46.0,7.0,1.0,1.0,4.0,0.0,1.0,0.0,0.0
10274.0,35.0,7.0,3.0,2.0,4.0,0.0,0.0,1.0,0.0
8966.0,35.0,7.0,2.0,17.0,3.0,0.0,0.0,0.0,1.0
13966.0,49.0,15.0,4.0,6.0,3.0,0.0,0.0,0.0,1.0
9980.0,29.0,10.0,3.0,21.0,3.0,0.0,0.0,1.0,0.0
1223.0,23.0,1.0,1.0,1.0,3.0,0.0,0.0,0.0,0.0
17123.0,39.0,19.0,4.0,13.0,3.0,0.0,0.0,1.0,1.0
11935.0,29.0,10.0,3.0,3.0,3.0,0.0,0.0,0.0,0.0
2210.0,24.0,1.0,1.0,17.0,1.0,1.0,0.0,0.0,0.0
4221.0,28.0,5.0,2.0,4.0,4.0,0.0,0.0,0.0,0.0
10512.0,59.0,9.0,3.0,18.0,2.0,0.0,1.0,0.0,0.0
6782.0,39.0,5.0,2.0,9.0,2.0,0.0,1.0,0.0,0.0
7336.0,29.0,11.0,3.0,23.0,1.0,1.0,0.0,0.0,0.0
4478.0,27.0,5.0,2.0,2.0,3.0,0.0,1.0,0.0,1.0
2478.0,27.0,4.0,1.0,5.0,2.0,0.0,1.0,0.0,1.0
11103.0,56.0,10.0,4.0,9.0,2.0,0.0,0.0,0.0,0.0
10725.0,54.0,9.0,3.0,19.0,4.0,0.0,0.0,0.0,0.0
10096.0,46.0,7.0,3.0,9.0,4.0,0.0,0.0,1.0,0.0
6812.0,31.0,10.0,2.0,24.0,3.0,0.0,1.0,0.0,0.0
5160.0,55.0,9.0,2.0,2.0,2.0,0.0,1.0,0.0,0.0
8446.0,52.0,8.0,3.0,5.0,2.0,1.0,1.0,0.0,1.0
9824.0,31.0,1.0,3.0,20.0,3.0,1.0,0.0,0.0,0.0
2661.0,34.0,2.0,1.0,19.0,3.0,0.0,0.0,1.0,0.0
5661.0,28.0,8.0,2.0,16.0,3.0,0.0,1.0,0.0,0.0
2580.0,27.0,4.0,1.0,2.0,2.0,0.0,1.0,0.0,0.0
13664.0,37.0,5.0,3.0,7.0,4.0,0.0,1.0,0.0,0.0
4087.0,32.0,6.0,2.0,1.0,2.0,0.0,0.0,0.0,0.0
5228.0,36.0,9.0,2.0,1.0,3.0,0.0,0.0,0.0,0.0
4789.0,49.0,3.0,2.0,3.0,3.0,0.0,0.0,0.0,0.0
18844.0,59.0,3.0,5.0,2.0,3.0,0.0,0.0,0.0,0.0
4157.0,26.0,2.0,2.0,23.0,2.0,1.0,0.0,0.0,1.0
11994.0,34.0,12.0,3.0,7.0,3.0,0.0,1.0,0.0,0.0
5828.0,26.0,8.0,2.0,4.0,3.0,1.0,1.0,0.0,1.0
5296.0,26.0,8.0,2.0,1.0,3.0,0.0,0.0,0.0,0.0
6500.0,34.0,3.0,2.0,8.0,3.0,0.0,0.0,0.0,0.0
9208.0,50.0,2.0,3.0,12.0,3.0,0.0,1.0,0.0,0.0
9547.0,34.0,10.0,2.0,2.0,2.0,0.0,0.0,0.0,0.0
4539.0,33.0,10.0,2.0,25.0,2.0,0.0,0.0,0.0,0.0
5810.0,36.0,10.0,2.0,4.0,2.0,0.0,1.0,0.0,0.0
2827.0,32.0,1.0,1.0,2.0,3.0,0.0,0.0,1.0,0.0
2579.0,34.0,8.0,1.0,14.0,3.0,0.0,0.0,1.0,1.0
6389.0,39.0,8.0,2.0,3.0,1.0,0.0,0.0,0.0,0.0
4661.0,40.0,9.0,2.0,2.0,3.0,0.0,1.0,0.0,0.0
5071.0,27.0,6.0,2.0,2.0,3.0,0.0,1.0,0.0,0.0
6893.0,38.0,7.0,2.0,2.0,3.0,0.0,0.0,1.0,0.0
2632.0,30.0,5.0,1.0,18.0,2.0,0.0,1.0,0.0,0.0
5405.0,60.0,2.0,2.0,16.0,3.0,0.0,1.0,0.0,0.0
2311.0,34.0,3.0,1.0,27.0,3.0,0.0,1.0,0.0,0.0
11878.0,33.0,10.0,3.0,5.0,3.0,0.0,0.0,0.0,0.0
2911.0,31.0,5.0,1.0,26.0,2.0,0.0,0.0,1.0,0.0
2372.0,42.0,1.0,2.0,7.0,3.0,0.0,0.0,0.0,1.0
4260.0,24.0,5.0,2.0,10.0,4.0,0.0,0.0,1.0,1.0
2080.0,28.0,3.0,1.0,1.0,2.0,0.0,1.0,0.0,0.0
5472.0,26.0,8.0,2.0,2.0,3.0,0.0,0.0,0.0,0.0
4364.0,26.0,2.0,1.0,1.0,3.0,0.0,0.0,1.0,0.0
5869.0,29.0,5.0,2.0,10.0,3.0,0.0,1.0,0.0,0.0
6077.0,38.0,6.0,2.0,10.0,3.0,0.0,0.0,0.0,0.0
2400.0,24.0,2.0,1.0,24.0,3.0,0.0,0.0,0.0,0.0
4258.0,52.0,4.0,1.0,19.0,3.0,0.0,0.0,0.0,0.0
18824.0,45.0,24.0,5.0,2.0,3.0,0.0,1.0,0.0,1.0
16124.0,29.0,7.0,4.0,1.0,2.0,0.0,0.0,1.0,0.0
4487.0,25.0,5.0,2.0,4.0,3.0,0.0,1.0,0.0,1.0
8722.0,28.0,10.0,3.0,24.0,2.0,0.0,1.0,0.0,0.0
14275.0,53.0,12.0,4.0,23.0,3.0,0.0,1.0,0.0,0.0
4768.0,44.0,1.0,2.0,1.0,2.0,0.0,0.0,0.0,0.0
5237.0,36.0,7.0,2.0,27.0,2.0,0.0,0.0,0.0,0.0
9526.0,38.0,9.0,3.0,23.0,3.0,0.0,1.0,0.0,0.0
2029.0,34.0,5.0,1.0,26.0,3.0,0.0,0.0,1.0,0.0
6674.0,28.0,9.0,2.0,1.0,3.0,0.0,0.0,0.0,0.0
19068.0,52.0,33.0,5.0,2.0,4.0,0.0,1.0,0.0,1.0
4284.0,49.0,4.0,2.0,28.0,3.0,0.0,1.0,0.0,0.0
8380.0,33.0,9.0,3.0,10.0,3.0,0.0,0.0,1.0,1.0
6209.0,32.0,10.0,2.0,8.0,4.0,0.0,0.0,0.0,0.0
2644.0,36.0,3.0,1.0,2.0,2.0,0.0,1.0,0.0,1.0
2700.0,29.0,10.0,1.0,23.0,3.0,0.0,0.0,0.0,0.0
10845.0,46.0,8.0,3.0,7.0,3.0,0.0,0.0,1.0,0.0
4465.0,32.0,3.0,2.0,26.0,3.0,0.0,0.0,0.0,0.0
6380.0,40.0,6.0,2.0,22.0,3.0,0.0,0.0,0.0,1.0
9981.0,27.0,7.0,2.0,20.0,3.0,0.0,1.0,0.0,0.0
9069.0,35.0,9.0,3.0,18.0,2.0,0.0,0.0,0.0,0.0
2785.0,31.0,1.0,1.0,2.0,4.0,1.0,1.0,0.0,0.0
16606.0,46.0,13.0,4.0,3.0,4.0,0.0,0.0,0.0,0.0
14814.0,53.0,5.0,4.0,7.0,3.0,0.0,0.0,0.0,0.0
3068.0,32.0,7.0,1.0,2.0,2.0,0.0,1.0,0.0,0.0
2479.0,58.0,1.0,1.0,2.0,3.0,0.0,1.0,0.0,0.0
19658.0,47.0,5.0,5.0,26.0,3.0,0.0,0.0,0.0,0.0
10252.0,36.0,7.0,3.0,1.0,3.0,0.0,0.0,1.0,1.0
2387.0,40.0,4.0,1.0,1.0,3.0,0.0,0.0,0.0,0.0
9724.0,45.0,1.0,3.0,7.0,3.0,0.0,0.0,1.0,0.0
19141.0,41.0,21.0,5.0,10.0,2.0,0.0,0.0,1.0,0.0
2552.0,19.0,1.0,1.0,9.0,3.0,0.0,1.0,0.0,0.0
2596.0,28.0,1.0,1.0,1.0,3.0,0.0,0.0,1.0,0.0
2323.0,22.0,2.0,1.0,19.0,3.0,0.0,0.0,0.0,0.0
2500.0,33.0,3.0,1.0,2.0,4.0,0.0,1.0,0.0,0.0
10209.0,44.0,2.0,3.0,2.0,2.0,0.0,1.0,0.0,1.0
3688.0,36.0,1.0,1.0,18.0,3.0,0.0,0.0,0.0,0.0
13695.0,55.0,19.0,4.0,13.0,2.0,1.0,1.0,0.0,1.0
5454.0,44.0,4.0,2.0,1.0,2.0,0.0,0.0,1.0,1.0
6220.0,32.0,10.0,2.0,1.0,3.0,0.0,0.0,0.0,0.0
6347.0,37.0,6.0,2.0,5.0,2.0,0.0,0.0,1.0,0.0
17665.0,42.0,22.0,4.0,2.0,3.0,0.0,0.0,0.0,0.0
6146.0,33.0,7.0,2.0,22.0,4.0,0.0,0.0,0.0,0.0
17068.0,39.0,21.0,4.0,10.0,3.0,0.0,0.0,0.0,1.0
3975.0,40.0,8.0,2.0,9.0,4.0,0.0,0.0,1.0,0.0
7654.0,49.0,9.0,3.0,11.0,4.0,0.0,0.0,0.0,0.0
2061.0,26.0,1.0,1.0,3.0,3.0,0.0,0.0,0.0,0.0
9204.0,32.0,4.0,2.0,7.0,2.0,0.0,0.0,0.0,0.0
13610.0,33.0,7.0,3.0,15.0,4.0,1.0,0.0,0.0,1.0
1261.0,31.0,1.0,1.0,8.0,4.0,1.0,1.0,0.0,0.0
6274.0,34.0,6.0,2.0,2.0,3.0,0.0,1.0,0.0,0.0
16015.0,41.0,22.0,4.0,2.0,3.0,0.0,1.0,0.0,0.0
19144.0,50.0,10.0,5.0,4.0,2.0,0.0,0.0,1.0,0.0
13549.0,54.0,4.0,3.0,2.0,1.0,0.0,0.0,0.0,0.0
4678.0,36.0,6.0,1.0,7.0,3.0,0.0,1.0,0.0,0.0
6120.0,39.0,5.0,2.0,21.0,4.0,0.0,0.0,0.0,1.0
3201.0,28.0,5.0,1.0,2.0,1.0,0.0,0.0,0.0,0.0
6815.0,36.0,1.0,2.0,1.0,3.0,0.0,1.0,0.0,0.0
13503.0,40.0,22.0,4.0,1.0,2.0,0.0,0.0,0.0,0.0
4335.0,29.0,8.0,2.0,27.0,2.0,0.0,0.0,0.0,0.0
2028.0,28.0,4.0,1.0,24.0,3.0,1.0,1.0,0.0,1.0
1859.0,19.0,1.0,1.0,10.0,4.0,1.0,1.0,0.0,1.0
10685.0,35.0,17.0,3.0,9.0,3.0,0.0,0.0,0.0,1.0
4695.0,30.0,8.0,2.0,9.0,3.0,0.0,1.0,0.0,1.0
5301.0,30.0,2.0,2.0,16.0,2.0,0.0,0.0,0.0,0.0
8268.0,29.0,7.0,2.0,10.0,3.0,0.0,0.0,1.0,1.0
2143.0,36.0,5.0,1.0,13.0,3.0,0.0,0.0,0.0,0.0
4898.0,28.0,4.0,2.0,7.0,3.0,0.0,1.0,0.0,0.0
2741.0,40.0,7.0,2.0,19.0,4.0,0.0,0.0,0.0,1.0
2572.0,35.0,3.0,1.0,8.0,2.0,0.0,0.0,0.0,0.0
2973.0,37.0,5.0,1.0,21.0,3.0,0.0,0.0,0.0,0.0
3544.0,40.0,4.0,1.0,16.0,3.0,0.0,0.0,1.0,0.0
2297.0,29.0,2.0,1.0,10.0,3.0,0.0,0.0,1.0,0.0
5121.0,34.0,0.0,2.0,8.0,3.0,0.0,0.0,1.0,0.0
5208.0,35.0,16.0,2.0,18.0,3.0,0.0,0.0,0.0,0.0
10880.0,39.0,21.0,3.0,22.0,3.0,0.0,1.0,0.0,1.0
2782.0,37.0,5.0,1.0,10.0,2.0,0.0,0.0,1.0,1.0
3229.0,25.0,3.0,1.0,1.0,2.0,0.0,0.0,0.0,0.0
2127.0,24.0,1.0,1.0,17.0,3.0,0.0,0.0,0.0,0.0
3424.0,25.0,4.0,1.0,2.0,2.0,0.0,1.0,0.0,0.0
6322.0,32.0,6.0,2.0,9.0,2.0,0.0,0.0,0.0,1.0
2093.0,42.0,2.0,1.0,5.0,3.0,0.0,0.0,0.0,0.0
6811.0,41.0,8.0,2.0,2.0,3.0,0.0,1.0,0.0,1.0
2157.0,29.0,3.0,1.0,20.0,3.0,0.0,0.0,0.0,0.0
2308.0,34.0,11.0,1.0,7.0,3.0,0.0,0.0,0.0,1.0
6538.0,34.0,3.0,2.0,4.0,3.0,0.0,0.0,0.0,0.0
2323.0,20.0,2.0,1.0,9.0,3.0,1.0,1.0,0.0,1.0
4779.0,30.0,3.0,2.0,7.0,3.0,0.0,0.0,1.0,0.0
2187.0,27.0,5.0,1.0,6.0,2.0,0.0,0.0,1.0,0.0
5855.0,31.0,9.0,2.0,12.0,1.0,0.0,0.0,0.0,1.0
4766.0,41.0,1.0,1.0,12.0,3.0,0.0,0.0,0.0,1.0
4327.0,40.0,0.0,2.0,2.0,3.0,0.0,0.0,0.0,0.0
10851.0,45.0,7.0,3.0,20.0,3.0,0.0,0.0,1.0,1.0
13245.0,45.0,0.0,3.0,6.0,4.0,0.0,0.0,0.0,1.0
3310.0,28.0,5.0,1.0,8.0,3.0,0.0,1.0,0.0,0.0
2743.0,36.0,17.0,1.0,16.0,3.0,0.0,1.0,0.0,0.0
13758.0,42.0,21.0,4.0,12.0,2.0,0.0,1.0,0.0,1.0
13525.0,42.0,20.0,4.0,26.0,4.0,0.0,0.0,0.0,0.0
3633.0,45.0,9.0,2.0,23.0,3.0,0.0,0.0,0.0,1.0
6388.0,33.0,0.0,2.0,8.0,3.0,0.0,1.0,0.0,1.0
2066.0,56.0,3.0,1.0,1.0,4.0,0.0,0.0,0.0,0.0
3280.0,34.0,4.0,1.0,1.0,3.0,0.0,1.0,0.0,0.0
19189.0,41.0,22.0,5.0,1.0,3.0,0.0,0.0,0.0,0.0
7094.0,36.0,7.0,3.0,10.0,3.0,0.0,0.0,0.0,0.0
2318.0,27.0,1.0,1.0,4.0,3.0,0.0,1.0,0.0,0.0
2559.0,35.0,6.0,1.0,27.0,2.0,0.0,1.0,0.0,0.0
2377.0,26.0,1.0,1.0,21.0,2.0,1.0,0.0,1.0,0.0
2220.0,34.0,1.0,1.0,10.0,3.0,0.0,0.0,0.0,1.0
5674.0,36.0,9.0,2.0,24.0,3.0,0.0,0.0,0.0,0.0
4810.0,46.0,10.0,2.0,18.0,2.0,0.0,0.0,1.0,0.0
3180.0,29.0,3.0,1.0,2.0,3.0,0.0,0.0,0.0,0.0
4900.0,57.0,12.0,2.0,1.0,2.0,0.0,0.0,0.0,0.0
2585.0,34.0,1.0,1.0,20.0,2.0,0.0,0.0,0.0,0.0
2451.0,22.0,4.0,1.0,8.0,2.0,0.0,0.0,0.0,0.0
2703.0,29.0,5.0,1.0,2.0,3.0,0.0,0.0,0.0,0.0
4599.0,34.0,15.0,2.0,24.0,4.0,1.0,1.0,0.0,1.0
4759.0,34.0,13.0,2.0,3.0,3.0,0.0,1.0,0.0,0.0
2119.0,29.0,7.0,1.0,8.0,2.0,1.0,0.0,0.0,1.0
19701.0,58.0,9.0,5.0,1.0,3.0,0.0,0.0,0.0,1.0
4809.0,34.0,16.0,2.0,6.0,3.0,0.0,1.0,0.0,0.0
6502.0,37.0,5.0,2.0,6.0,4.0,0.0,0.0,0.0,0.0
3058.0,27.0,5.0,1.0,17.0,2.0,0.0,0.0,0.0,1.0
4941.0,52.0,8.0,2.0,8.0,2.0,0.0,0.0,0.0,0.0
5745.0,38.0,2.0,2.0,23.0,3.0,0.0,0.0,1.0,0.0
4028.0,38.0,7.0,2.0,7.0,3.0,0.0,1.0,0.0,0.0
9715.0,29.0,7.0,2.0,8.0,3.0,0.0,0.0,0.0,0.0
4381.0,34.0,6.0,1.0,2.0,3.0,0.0,1.0,0.0,0.0
10648.0,31.0,13.0,3.0,9.0,4.0,0.0,0.0,1.0,0.0
2759.0,42.0,2.0,1.0,19.0,3.0,1.0,0.0,1.0,1.0
4963.0,56.0,5.0,1.0,14.0,3.0,1.0,0.0,0.0,1.0
2064.0,30.0,5.0,1.0,1.0,4.0,0.0,0.0,1.0,0.0
13212.0,56.0,7.0,4.0,6.0,2.0,0.0,0.0,0.0,0.0
3230.0,21.0,3.0,1.0,3.0,4.0,0.0,1.0,0.0,0.0
4014.0,35.0,2.0,1.0,23.0,3.0,0.0,0.0,0.0,1.0
5488.0,33.0,6.0,2.0,1.0,3.0,0.0,0.0,0.0,1.0
2075.0,51.0,4.0,1.0,9.0,3.0,0.0,0.0,0.0,0.0
19845.0,52.0,32.0,5.0,2.0,3.0,0.0,0.0,0.0,0.0
16328.0,44.0,20.0,4.0,28.0,4.0,0.0,0.0,0.0,0.0
5343.0,34.0,13.0,2.0,1.0,3.0,0.0,1.0,0.0,0.0
2793.0,37.0,9.0,1.0,4.0,3.0,0.0,0.0,1.0,0.0
4908.0,28.0,4.0,2.0,5.0,3.0,0.0,1.0,0.0,0.0
2288.0,38.0,2.0,1.0,9.0,3.0,0.0,1.0,0.0,0.0
17328.0,54.0,20.0,4.0,1.0,2.0,0.0,1.0,0.0,0.0
9699.0,36.0,13.0,3.0,3.0,3.0,0.0,0.0,0.0,0.0
16756.0,55.0,9.0,4.0,2.0,4.0,0.0,1.0,0.0,0.0
5605.0,40.0,20.0,2.0,26.0,3.0,0.0,0.0,1.0,0.0
4724.0,28.0,5.0,2.0,26.0,3.0,0.0,0.0,0.0,0.0
2501.0,31.0,1.0,1.0,1.0,3.0,0.0,1.0,0.0,0.0
2960.0,34.0,4.0,1.0,6.0,3.0,0.0,1.0,0.0,0.0
10552.0,58.0,6.0,3.0,5.0,3.0,0.0,0.0,1.0,1.0
5482.0,51.0,4.0,2.0,2.0,3.0,0.0,0.0,1.0,0.0
3162.0,24.0,5.0,1.0,4.0,2.0,0.0,0.0,0.0,0.0
4089.0,42.0,10.0,2.0,2.0,3.0,0.0,0.0,0.0,0.0
16422.0,31.0,3.0,4.0,8.0,4.0,0.0,1.0,0.0,0.0
5647.0,36.0,3.0,2.0,16.0,2.0,0.0,0.0,0.0,0.0
2450.0,35.0,3.0,1.0,1.0,3.0,0.0,1.0,0.0,0.0
4312.0,35.0,15.0,2.0,1.0,3.0,0.0,1.0,0.0,0.0
3161.0,44.0,1.0,1.0,24.0,1.0,1.0,0.0,1.0,1.0
10388.0,35.0,16.0,3.0,25.0,2.0,0.0,0.0,1.0,1.0
2097.0,30.0,5.0,1.0,3.0,1.0,0.0,0.0,0.0,0.0
3936.0,37.0,8.0,1.0,10.0,1.0,0.0,0.0,0.0,0.0
2600.0,20.0,1.0,1.0,11.0,3.0,1.0,1.0,0.0,1.0
2741.0,36.0,7.0,1.0,6.0,3.0,0.0,0.0,1.0,0.0
9602.0,37.0,3.0,2.0,2.0,2.0,0.0,0.0,0.0,1.0
11416.0,30.0,8.0,3.0,8.0,2.0,0.0,0.0,0.0,1.0
11631.0,34.0,11.0,3.0,5.0,3.0,0.0,1.0,0.0,0.0
6074.0,34.0,9.0,2.0,7.0,3.0,1.0,1.0,0.0,1.0
6804.0,49.0,7.0,2.0,18.0,3.0,0.0,0.0,1.0,1.0
4553.0,39.0,20.0,2.0,2.0,3.0,0.0,1.0,0.0,0.0
4554.0,29.0,10.0,2.0,2.0,2.0,0.0,1.0,0.0,0.0
2496.0,33.0,1.0,1.0,2.0,3.0,0.0,1.0,0.0,0.0
16885.0,48.0,5.0,4.0,1.0,2.0,0.0,1.0,0.0,0.0
2566.0,27.0,1.0,1.0,3.0,2.0,1.0,0.0,1.0,1.0
5980.0,38.0,15.0,2.0,2.0,3.0,0.0,1.0,0.0,1.0
2207.0,28.0,4.0,1.0,15.0,2.0,0.0,0.0,1.0,0.0
5460.0,31.0,7.0,2.0,6.0,4.0,0.0,0.0,1.0,0.0
4066.0,27.0,7.0,1.0,19.0,3.0,0.0,0.0,1.0,0.0
3761.0,30.0,5.0,1.0,5.0,2.0,0.0,0.0,1.0,0.0
2372.0,58.0,2.0,1.0,23.0,3.0,0.0,0.0,1.0,0.0
5993.0,37.0,7.0,2.0,1.0,4.0,0.0,0.0,1.0,0.0
4103.0,41.0,9.0,2.0,1.0,3.0,0.0,0.0,1.0,0.0
2314.0,32.0,3.0,1.0,1.0,3.0,0.0,0.0,1.0,0.0
8412.0,30.0,9.0,3.0,22.0,3.0,0.0,0.0,0.0,0.0
14411.0,50.0,32.0,4.0,22.0,3.0,0.0,1.0,0.0,1.0
3102.0,26.0,6.0,1.0,3.0,3.0,0.0,1.0,0.0,0.0
13120.0,49.0,9.0,4.0,8.0,3.0,0.0,0.0,0.0,0.0
4447.0,45.0,9.0,2.0,4.0,2.0,0.0,0.0,0.0,0.0
4739.0,43.0,3.0,1.0,28.0,3.0,0.0,1.0,0.0,0.0
2325.0,19.0,0.0,1.0,1.0,4.0,1.0,1.0,0.0,0.0
3452.0,37.0,5.0,1.0,10.0,3.0,0.0,0.0,0.0,0.0
3346.0,58.0,1.0,1.0,9.0,2.0,0.0,0.0,0.0,1.0
18061.0,45.0,0.0,5.0,25.0,3.0,0.0,1.0,0.0,0.0
17584.0,53.0,5.0,4.0,3.0,2.0,0.0,0.0,0.0,1.0
1052.0,28.0,1.0,1.0,10.0,3.0,0.0,0.0,0.0,0.0
19517.0,50.0,7.0,5.0,1.0,2.0,0.0,0.0,1.0,0.0
2684.0,38.0,2.0,1.0,10.0,2.0,0.0,0.0,0.0,0.0
4400.0,25.0,3.0,1.0,9.0,3.0,1.0,0.0,0.0,0.0
5155.0,42.0,6.0,2.0,4.0,4.0,0.0,1.0,0.0,0.0
5562.0,36.0,3.0,2.0,6.0,3.0,0.0,0.0,0.0,1.0
2321.0,31.0,3.0,1.0,9.0,3.0,1.0,1.0,0.0,1.0
5940.0,54.0,6.0,2.0,3.0,3.0,0.0,0.0,0.0,0.0
3816.0,27.0,5.0,1.0,1.0,3.0,0.0,0.0,1.0,0.0
10008.0,58.0,10.0,3.0,7.0,2.0,1.0,0.0,0.0,1.0
8463.0,28.0,5.0,2.0,5.0,3.0,0.0,1.0,0.0,0.0
7441.0,45.0,10.0,3.0,1.0,3.0,0.0,0.0,1.0,0.0
17567.0,46.0,26.0,4.0,1.0,1.0,0.0,1.0,0.0,0.0
5056.0,29.0,10.0,2.0,8.0,2.0,0.0,0.0,0.0,1.0
5063.0,34.0,8.0,2.0,10.0,2.0,0.0,0.0,0.0,0.0
