MaritalStatus_Divorced,JobSatisfaction,Gender_Male,PerformanceRating,MaritalStatus_Single,JobLevel,DistanceFromHome,Age,WorkLifeBalance,OverTime_Yes,Education,Gender_Female,MonthlyIncome,YearsAtCompany,MaritalStatus_Married,Attrition,OverTime_No
0.0,1.0,0.0,3.0,1.0,2.0,7.0,27.0,1.0,0.0,3.0,1.0,6811.0,7.0,0.0,0.0,1.0
0.0,4.0,1.0,4.0,1.0,2.0,21.0,51.0,1.0,1.0,4.0,0.0,5441.0,10.0,0.0,0.0,0.0
0.0,4.0,1.0,3.0,0.0,1.0,3.0,27.0,2.0,0.0,3.0,0.0,1706.0,0.0,1.0,0.0,1.0
0.0,2.0,1.0,3.0,0.0,5.0,5.0,44.0,3.0,0.0,3.0,0.0,18213.0,22.0,1.0,0.0,1.0
1.0,4.0,1.0,3.0,0.0,1.0,4.0,35.0,3.0,0.0,2.0,0.0,1951.0,1.0,0.0,0.0,1.0
0.0,1.0,0.0,3.0,0.0,1.0,8.0,52.0,1.0,0.0,4.0,1.0,2950.0,5.0,1.0,0.0,1.0
0.0,3.0,0.0,3.0,0.0,2.0,3.0,22.0,4.0,1.0,1.0,1.0,4171.0,3.0,1.0,0.0,0.0
0.0,3.0,0.0,4.0,1.0,2.0,29.0,33.0,3.0,0.0,4.0,1.0,4508.0,13.0,0.0,0.0,1.0
0.0,3.0,0.0,3.0,0.0,1.0,7.0,24.0,3.0,1.0,3.0,1.0,2886.0,6.0,1.0,1.0,0.0
0.0,4.0,1.0,3.0,1.0,3.0,3.0,37.0,3.0,0.0,3.0,0.0,7428.0,5.0,0.0,0.0,1.0
0.0,2.0,0.0,3.0,1.0,1.0,8.0,31.0,3.0,0.0,2.0,1.0,2109.0,3.0,0.0,0.0,1.0
0.0,1.0,0.0,3.0,0.0,1.0,1.0,37.0,2.0,0.0,2.0,1.0,3920.0,3.0,1.0,0.0,1.0
0.0,1.0,0.0,3.0,0.0,3.0,26.0,42.0,3.0,1.0,5.0,1.0,13191.0,1.0,1.0,0.0,0.0
0.0,3.0,0.0,3.0,0.0,1.0,9.0,34.0,3.0,0.0,4.0,1.0,2742.0,2.0,1.0,0.0,1.0
0.0,2.0,0.0,4.0,1.0,1.0,20.0,41.0,2.0,1.0,2.0,1.0,3140.0,4.0,0.0,1.0,0.0
0.0,2.0,1.0,4.0,0.0,2.0,12.0,39.0,3.0,0.0,3.0,0.0,5295.0,5.0,1.0,0.0,1.0
0.0,4.0,1.0,3.0,1.0,2.0,29.0,42.0,3.0,0.0,3.0,0.0,4272.0,1.0,0.0,0.0,1.0
0.0,3.0,1.0,3.0,0.0,1.0,1.0,50.0,2.0,0.0,3.0,0.0,3690.0,3.0,1.0,0.0,1.0
0.0,3.0,1.0,3.0,1.0,1.0,8.0,35.0,1.0,0.0,4.0,0.0,4323.0,5.0,0.0,0.0,1.0
0.0,2.0,1.0,3.0,1.0,2.0,4.0,41.0,3.0,0.0,3.0,0.0,9355.0,8.0,0.0,0.0,1.0
0.0,3.0,1.0,3.0,0.0,2.0,7.0,51.0,3.0,0.0,4.0,0.0,6132.0,1.0,1.0,0.0,1.0
0.0,4.0,0.0,3.0,0.0,4.0,2.0,53.0,3.0,0.0,4.0,1.0,15427.0,25.0,1.0,0.0,1.0
0.0,4.0,1.0,3.0,0.0,2.0,8.0,27.0,3.0,0.0,1.0,0.0,4342.0,4.0,1.0,0.0,1.0
0.0,3.0,1.0,3.0,0.0,2.0,11.0,32.0,3.0,0.0,4.0,0.0,4707.0,4.0,1.0,0.0,1.0
0.0,2.0,0.0,4.0,0.0,1.0,1.0,32.0,3.0,0.0,3.0,1.0,2332.0,3.0,1.0,0.0,1.0
0.0,3.0,0.0,3.0,1.0,2.0,8.0,34.0,3.0,0.0,2.0,1.0,6142.0,5.0,0.0,0.0,1.0
0.0,1.0,1.0,4.0,1.0,1.0,9.0,36.0,3.0,0.0,4.0,0.0,3407.0,5.0,0.0,0.0,1.0
0.0,3.0,1.0,3.0,1.0,1.0,22.0,21.0,3.0,0.0,1.0,0.0,3447.0,3.0,0.0,0.0,1.0
0.0,2.0,1.0,3.0,0.0,5.0,3.0,50.0,3.0,0.0,3.0,0.0,18200.0,32.0,1.0,0.0,1.0
0.0,3.0,1.0,3.0,1.0,2.0,6.0,48.0,3.0,0.0,3.0,0.0,4240.0,2.0,0.0,0.0,1.0
1.0,4.0,1.0,3.0,0.0,2.0,2.0,29.0,4.0,0.0,1.0,0.0,8853.0,6.0,0.0,0.0,1.0
0.0,3.0,0.0,3.0,0.0,2.0,1.0,50.0,3.0,0.0,3.0,1.0,6347.0,18.0,1.0,0.0,1.0
1.0,4.0,1.0,3.0,0.0,3.0,5.0,33.0,3.0,0.0,3.0,0.0,7119.0,3.0,0.0,0.0,1.0
0.0,1.0,1.0,3.0,0.0,1.0,21.0,37.0,2.0,1.0,3.0,0.0,3564.0,8.0,1.0,0.0,0.0
0.0,3.0,0.0,3.0,0.0,1.0,8.0,27.0,3.0,0.0,3.0,1.0,3517.0,3.0,1.0,0.0,1.0
0.0,4.0,1.0,3.0,0.0,1.0,3.0,59.0,3.0,0.0,3.0,0.0,2177.0,1.0,1.0,0.0,1.0
0.0,2.0,0.0,3.0,1.0,1.0,1.0,24.0,3.0,1.0,1.0,1.0,3202.0,5.0,0.0,1.0,0.0
0.0,4.0,0.0,4.0,0.0,2.0,21.0,35.0,1.0,1.0,1.0,1.0,4014.0,10.0,1.0,0.0,0.0
0.0,4.0,1.0,4.0,1.0,2.0,18.0,36.0,3.0,0.0,4.0,0.0,7779.0,11.0,0.0,0.0,1.0
0.0,1.0,0.0,3.0,0.0,3.0,28.0,60.0,4.0,0.0,3.0,1.0,10266.0,18.0,1.0,0.0,1.0
0.0,4.0,1.0,3.0,0.0,2.0,24.0,32.0,3.0,0.0,4.0,0.0,5309.0,10.0,1.0,0.0,1.0
0.0,2.0,1.0,4.0,0.0,1.0,7.0,32.0,1.0,0.0,3.0,0.0,2794.0,5.0,1.0,0.0,1.0
1.0,4.0,1.0,3.0,0.0,4.0,1.0,55.0,4.0,0.0,4.0,0.0,14732.0,7.0,0.0,0.0,1.0
0.0,3.0,1.0,3.0,1.0,1.0,8.0,18.0,3.0,0.0,1.0,0.0,1904.0,0.0,0.0,1.0,1.0
1.0,3.0,1.0,3.0,0.0,1.0,7.0,30.0,2.0,0.0,3.0,0.0,1274.0,1.0,0.0,0.0,1.0
0.0,1.0,0.0,3.0,0.0,1.0,1.0,29.0,3.0,1.0,2.0,1.0,2319.0,1.0,1.0,1.0,0.0
1.0,4.0,0.0,3.0,0.0,2.0,25.0,37.0,3.0,0.0,2.0,1.0,5731.0,6.0,0.0,0.0,1.0
1.0,1.0,0.0,3.0,0.0,2.0,13.0,53.0,3.0,0.0,2.0,1.0,4450.0,4.0,0.0,0.0,1.0
0.0,4.0,1.0,3.0,0.0,3.0,4.0,32.0,2.0,0.0,4.0,0.0,10400.0,14.0,1.0,0.0,1.0
1.0,1.0,1.0,3.0,0.0,3.0,28.0,40.0,3.0,0.0,3.0,0.0,10932.0,1.0,0.0,0.0,1.0
0.0,2.0,0.0,3.0,1.0,4.0,24.0,40.0,2.0,1.0,3.0,1.0,13194.0,1.0,0.0,1.0,0.0
0.0,1.0,1.0,3.0,0.0,2.0,26.0,45.0,3.0,0.0,3.0,0.0,4385.0,10.0,1.0,0.0,1.0
0.0,1.0,0.0,3.0,0.0,3.0,5.0,36.0,3.0,0.0,4.0,1.0,8008.0,3.0,1.0,0.0,1.0
0.0,3.0,1.0,3.0,1.0,5.0,6.0,51.0,3.0,0.0,3.0,0.0,19537.0,20.0,0.0,0.0,1.0
1.0,3.0,0.0,3.0,0.0,1.0,2.0,43.0,2.0,0.0,2.0,1.0,2645.0,5.0,0.0,0.0,1.0
1.0,2.0,1.0,4.0,0.0,2.0,5.0,46.0,3.0,1.0,2.0,0.0,5021.0,4.0,0.0,0.0,0.0
0.0,3.0,1.0,3.0,0.0,3.0,3.0,37.0,3.0,0.0,3.0,0.0,9434.0,10.0,1.0,0.0,1.0
1.0,3.0,1.0,3.0,0.0,3.0,3.0,31.0,3.0,0.0,4.0,0.0,13675.0,2.0,0.0,0.0,1.0
0.0,1.0,0.0,3.0,0.0,3.0,27.0,43.0,3.0,0.0,3.0,1.0,10820.0,8.0,1.0,0.0,1.0
0.0,2.0,1.0,3.0,1.0,5.0,8.0,56.0,3.0,0.0,4.0,0.0,19717.0,7.0,0.0,0.0,1.0
0.0,2.0,0.0,3.0,0.0,2.0,5.0,32.0,3.0,0.0,2.0,1.0,5878.0,7.0,1.0,0.0,1.0
0.0,3.0,1.0,4.0,0.0,1.0,1.0,30.0,3.0,0.0,3.0,0.0,3833.0,2.0,1.0,0.0,1.0
0.0,3.0,0.0,4.0,1.0,3.0,2.0,39.0,3.0,0.0,4.0,1.0,10938.0,19.0,0.0,0.0,1.0
0.0,2.0,1.0,3.0,1.0,3.0,19.0,37.0,3.0,1.0,2.0,0.0,7642.0,10.0,0.0,0.0,0.0
0.0,3.0,1.0,3.0,0.0,1.0,20.0,48.0,2.0,0.0,4.0,0.0,2259.0,0.0,1.0,0.0,1.0
0.0,4.0,0.0,4.0,1.0,2.0,2.0,30.0,2.0,1.0,3.0,1.0,6877.0,0.0,0.0,0.0,0.0
0.0,3.0,0.0,3.0,0.0,3.0,18.0,46.0,2.0,0.0,1.0,1.0,10527.0,2.0,1.0,0.0,1.0
0.0,3.0,1.0,3.0,0.0,1.0,6.0,27.0,3.0,0.0,3.0,0.0,2539.0,4.0,1.0,0.0,1.0
1.0,2.0,1.0,3.0,0.0,1.0,5.0,22.0,2.0,1.0,3.0,0.0,2328.0,4.0,0.0,0.0,0.0
0.0,4.0,1.0,3.0,1.0,1.0,24.0,25.0,3.0,1.0,1.0,0.0,1118.0,1.0,0.0,1.0,0.0
1.0,4.0,1.0,3.0,0.0,2.0,20.0,29.0,3.0,0.0,2.0,0.0,6931.0,3.0,0.0,0.0,1.0
0.0,4.0,1.0,3.0,1.0,2.0,10.0,25.0,3.0,0.0,4.0,0.0,4950.0,4.0,0.0,0.0,1.0
0.0,2.0,0.0,4.0,0.0,1.0,4.0,33.0,3.0,0.0,4.0,1.0,2622.0,3.0,1.0,0.0,1.0
0.0,4.0,0.0,3.0,1.0,3.0,12.0,36.0,2.0,0.0,5.0,1.0,8858.0,14.0,0.0,0.0,1.0
1.0,1.0,1.0,3.0,0.0,4.0,2.0,50.0,3.0,0.0,4.0,0.0,17924.0,31.0,0.0,0.0,1.0
0.0,1.0,1.0,3.0,0.0,3.0,1.0,41.0,3.0,0.0,3.0,0.0,8392.0,10.0,1.0,0.0,1.0
0.0,3.0,1.0,3.0,1.0,1.0,1.0,35.0,3.0,0.0,3.0,0.0,2859.0,6.0,0.0,0.0,1.0
0.0,3.0,0.0,3.0,0.0,5.0,2.0,55.0,3.0,0.0,2.0,1.0,19187.0,19.0,1.0,0.0,1.0
0.0,1.0,0.0,3.0,0.0,1.0,1.0,49.0,3.0,0.0,3.0,1.0,3580.0,4.0,1.0,0.0,1.0
0.0,3.0,1.0,3.0,1.0,1.0,10.0,44.0,3.0,1.0,4.0,0.0,2936.0,6.0,0.0,1.0,0.0
0.0,4.0,1.0,3.0,0.0,1.0,3.0,22.0,3.0,1.0,4.0,0.0,2853.0,0.0,1.0,1.0,0.0
0.0,2.0,0.0,3.0,1.0,1.0,9.0,27.0,2.0,0.0,3.0,1.0,2279.0,7.0,0.0,0.0,1.0
0.0,3.0,1.0,3.0,0.0,5.0,5.0,47.0,3.0,0.0,5.0,0.0,18300.0,3.0,1.0,0.0,1.0
0.0,1.0,0.0,3.0,1.0,2.0,5.0,45.0,3.0,1.0,5.0,1.0,5769.0,10.0,0.0,0.0,0.0
0.0,2.0,1.0,3.0,1.0,1.0,20.0,44.0,2.0,0.0,3.0,0.0,3420.0,5.0,0.0,0.0,1.0
1.0,3.0,0.0,3.0,0.0,5.0,7.0,53.0,3.0,0.0,2.0,1.0,18606.0,7.0,0.0,0.0,1.0
0.0,3.0,0.0,4.0,0.0,2.0,11.0,52.0,3.0,0.0,4.0,1.0,3149.0,5.0,1.0,0.0,1.0
0.0,2.0,0.0,4.0,0.0,2.0,2.0,40.0,3.0,0.0,2.0,1.0,4244.0,8.0,1.0,0.0,1.0
0.0,2.0,0.0,3.0,1.0,4.0,11.0,51.0,2.0,0.0,2.0,1.0,13142.0,5.0,0.0,0.0,1.0
0.0,1.0,0.0,3.0,0.0,1.0,15.0,48.0,2.0,0.0,4.0,1.0,2367.0,8.0,1.0,0.0,1.0
0.0,2.0,1.0,3.0,0.0,2.0,11.0,34.0,4.0,0.0,3.0,0.0,4490.0,10.0,1.0,0.0,1.0
0.0,2.0,1.0,3.0,1.0,1.0,9.0,31.0,3.0,1.0,4.0,0.0,2657.0,2.0,0.0,1.0,0.0
1.0,1.0,0.0,4.0,0.0,3.0,1.0,46.0,3.0,0.0,2.0,1.0,10453.0,24.0,0.0,0.0,1.0
0.0,3.0,1.0,3.0,1.0,2.0,16.0,40.0,3.0,0.0,4.0,0.0,5094.0,1.0,0.0,0.0,1.0
0.0,4.0,1.0,3.0,1.0,1.0,10.0,37.0,3.0,0.0,2.0,0.0,4680.0,1.0,0.0,0.0,1.0
0.0,3.0,1.0,3.0,0.0,5.0,4.0,49.0,4.0,0.0,2.0,0.0,18711.0,1.0,1.0,0.0,1.0
0.0,4.0,0.0,4.0,0.0,4.0,25.0,52.0,3.0,0.0,4.0,1.0,13826.0,9.0,1.0,0.0,1.0
1.0,1.0,0.0,3.0,0.0,2.0,2.0,35.0,4.0,0.0,4.0,1.0,5093.0,1.0,0.0,0.0,1.0
1.0,1.0,0.0,3.0,0.0,1.0,2.0,42.0,3.0,1.0,3.0,1.0,2593.0,9.0,0.0,0.0,0.0
0.0,1.0,1.0,3.0,0.0,2.0,8.0,33.0,1.0,0.0,4.0,0.0,6392.0,2.0,1.0,0.0,1.0
0.0,2.0,1.0,3.0,1.0,2.0,5.0,36.0,4.0,0.0,2.0,0.0,5914.0,13.0,0.0,0.0,1.0
0.0,4.0,1.0,3.0,1.0,1.0,2.0,19.0,4.0,0.0,2.0,0.0,2564.0,1.0,0.0,1.0,1.0
1.0,3.0,1.0,3.0,0.0,2.0,2.0,25.0,3.0,0.0,1.0,0.0,5206.0,7.0,0.0,0.0,1.0
0.0,4.0,1.0,3.0,0.0,2.0,1.0,30.0,2.0,1.0,1.0,0.0,5126.0,10.0,1.0,0.0,0.0
0.0,4.0,1.0,3.0,1.0,3.0,9.0,46.0,3.0,0.0,2.0,0.0,9619.0,9.0,0.0,0.0,1.0
0.0,4.0,1.0,4.0,0.0,1.0,8.0,44.0,2.0,1.0,4.0,0.0,2818.0,3.0,1.0,0.0,0.0
1.0,3.0,0.0,3.0,0.0,3.0,2.0,31.0,2.0,1.0,4.0,1.0,9852.0,10.0,0.0,0.0,0.0
0.0,4.0,0.0,3.0,1.0,1.0,13.0,33.0,3.0,0.0,1.0,1.0,3452.0,3.0,0.0,0.0,1.0
0.0,1.0,1.0,3.0,0.0,2.0,26.0,40.0,2.0,0.0,3.0,0.0,8396.0,7.0,1.0,0.0,1.0
0.0,3.0,0.0,3.0,1.0,1.0,2.0,45.0,3.0,0.0,3.0,1.0,2274.0,1.0,0.0,0.0,1.0
0.0,4.0,1.0,3.0,1.0,1.0,2.0,38.0,3.0,1.0,3.0,0.0,3944.0,3.0,0.0,0.0,0.0
1.0,2.0,1.0,3.0,0.0,1.0,3.0,33.0,4.0,1.0,2.0,0.0,2277.0,4.0,0.0,0.0,0.0
0.0,4.0,1.0,3.0,1.0,2.0,10.0,33.0,2.0,0.0,3.0,0.0,4682.0,7.0,0.0,0.0,1.0
1.0,2.0,0.0,3.0,0.0,2.0,19.0,34.0,4.0,0.0,3.0,1.0,4444.0,11.0,0.0,0.0,1.0
1.0,3.0,1.0,3.0,0.0,2.0,3.0,39.0,3.0,0.0,2.0,0.0,3069.0,10.0,0.0,0.0,1.0
0.0,3.0,0.0,3.0,1.0,1.0,1.0,31.0,3.0,0.0,4.0,1.0,1359.0,1.0,0.0,1.0,1.0
1.0,1.0,0.0,3.0,0.0,3.0,23.0,34.0,3.0,1.0,3.0,1.0,9950.0,3.0,0.0,1.0,0.0
0.0,2.0,1.0,4.0,0.0,2.0,8.0,49.0,3.0,0.0,1.0,0.0,5130.0,10.0,1.0,0.0,1.0
1.0,4.0,1.0,4.0,0.0,2.0,27.0,30.0,2.0,0.0,5.0,0.0,5304.0,8.0,0.0,0.0,1.0
1.0,3.0,1.0,3.0,0.0,3.0,8.0,30.0,4.0,0.0,2.0,0.0,7264.0,8.0,0.0,0.0,1.0
0.0,2.0,1.0,3.0,1.0,1.0,5.0,18.0,3.0,1.0,3.0,0.0,1878.0,0.0,0.0,1.0,0.0
0.0,3.0,1.0,3.0,1.0,1.0,5.0,37.0,1.0,0.0,2.0,0.0,3500.0,6.0,0.0,0.0,1.0
0.0,1.0,1.0,3.0,0.0,1.0,4.0,23.0,4.0,0.0,3.0,0.0,2819.0,3.0,1.0,0.0,1.0
0.0,4.0,0.0,3.0,1.0,2.0,2.0,32.0,2.0,0.0,4.0,1.0,5055.0,7.0,0.0,0.0,1.0
0.0,3.0,0.0,3.0,0.0,2.0,14.0,47.0,2.0,1.0,3.0,1.0,4591.0,5.0,1.0,0.0,0.0
0.0,4.0,1.0,3.0,1.0,2.0,2.0,31.0,4.0,1.0,1.0,0.0,6582.0,6.0,0.0,0.0,0.0
0.0,3.0,1.0,3.0,0.0,2.0,2.0,29.0,2.0,0.0,3.0,0.0,4649.0,4.0,1.0,0.0,1.0
0.0,2.0,0.0,3.0,1.0,2.0,3.0,36.0,3.0,1.0,4.0,1.0,9278.0,5.0,0.0,0.0,0.0
0.0,1.0,0.0,4.0,0.0,4.0,2.0,46.0,3.0,0.0,3.0,1.0,17048.0,26.0,1.0,0.0,1.0
0.0,4.0,1.0,3.0,0.0,3.0,4.0,40.0,2.0,0.0,4.0,0.0,10855.0,12.0,1.0,0.0,1.0
0.0,1.0,1.0,4.0,0.0,4.0,14.0,43.0,3.0,0.0,2.0,0.0,17159.0,4.0,1.0,0.0,1.0
0.0,4.0,1.0,3.0,1.0,1.0,7.0,34.0,1.0,0.0,4.0,0.0,2972.0,1.0,0.0,0.0,1.0
0.0,4.0,1.0,3.0,1.0,1.0,3.0,27.0,3.0,0.0,4.0,0.0,2045.0,4.0,0.0,0.0,1.0
1.0,1.0,1.0,3.0,0.0,2.0,9.0,30.0,3.0,0.0,3.0,0.0,3072.0,12.0,0.0,0.0,1.0
0.0,2.0,0.0,3.0,0.0,5.0,1.0,50.0,2.0,1.0,3.0,1.0,18172.0,8.0,1.0,0.0,0.0
0.0,3.0,0.0,3.0,1.0,3.0,1.0,38.0,4.0,1.0,3.0,1.0,7861.0,1.0,0.0,0.0,0.0
0.0,4.0,1.0,3.0,1.0,2.0,6.0,53.0,3.0,0.0,3.0,0.0,2450.0,2.0,0.0,0.0,1.0
1.0,3.0,0.0,3.0,0.0,5.0,7.0,50.0,2.0,1.0,2.0,1.0,18740.0,27.0,0.0,0.0,0.0
0.0,1.0,0.0,3.0,0.0,2.0,7.0,36.0,2.0,0.0,3.0,1.0,4639.0,15.0,1.0,0.0,1.0
0.0,1.0,0.0,3.0,1.0,1.0,10.0,21.0,2.0,0.0,3.0,1.0,1416.0,1.0,0.0,1.0,1.0
0.0,3.0,0.0,3.0,1.0,2.0,7.0,41.0,3.0,0.0,2.0,1.0,5003.0,2.0,0.0,0.0,1.0
0.0,3.0,1.0,3.0,1.0,1.0,1.0,32.0,1.0,1.0,3.0,0.0,3730.0,3.0,0.0,1.0,0.0
0.0,4.0,1.0,3.0,0.0,2.0,9.0,40.0,1.0,0.0,5.0,0.0,4876.0,3.0,1.0,0.0,1.0
0.0,3.0,0.0,3.0,0.0,1.0,9.0,56.0,3.0,0.0,3.0,1.0,2942.0,5.0,1.0,0.0,1.0
0.0,4.0,0.0,4.0,0.0,1.0,12.0,31.0,3.0,1.0,1.0,1.0,3929.0,4.0,1.0,0.0,0.0
0.0,2.0,1.0,3.0,0.0,2.0,8.0,42.0,3.0,0.0,4.0,0.0,6825.0,9.0,1.0,0.0,1.0
0.0,1.0,1.0,3.0,0.0,2.0,2.0,34.0,3.0,0.0,4.0,0.0,5957.0,11.0,1.0,0.0,1.0
1.0,2.0,1.0,3.0,0.0,4.0,12.0,43.0,3.0,0.0,3.0,0.0,14336.0,25.0,0.0,0.0,1.0
0.0,1.0,0.0,3.0,0.0,1.0,25.0,49.0,2.0,0.0,4.0,1.0,3211.0,9.0,1.0,0.0,1.0
1.0,4.0,1.0,3.0,0.0,2.0,19.0,29.0,4.0,0.0,3.0,0.0,4262.0,3.0,0.0,0.0,1.0
0.0,1.0,0.0,4.0,1.0,1.0,10.0,29.0,3.0,1.0,3.0,1.0,2404.0,0.0,0.0,1.0,0.0
1.0,3.0,0.0,4.0,0.0,1.0,3.0,30.0,3.0,0.0,3.0,1.0,2083.0,1.0,0.0,0.0,1.0
0.0,2.0,1.0,3.0,0.0,3.0,1.0,35.0,3.0,0.0,5.0,0.0,7295.0,10.0,1.0,0.0,1.0
1.0,4.0,1.0,3.0,0.0,2.0,2.0,37.0,4.0,0.0,2.0,0.0,5163.0,1.0,0.0,0.0,1.0
0.0,2.0,1.0,3.0,0.0,2.0,2.0,32.0,2.0,1.0,1.0,0.0,4078.0,3.0,1.0,0.0,0.0
0.0,3.0,1.0,3.0,0.0,2.0,1.0,29.0,3.0,0.0,1.0,0.0,4319.0,10.0,1.0,0.0,1.0
1.0,4.0,0.0,3.0,0.0,3.0,1.0,37.0,3.0,1.0,4.0,1.0,13603.0,5.0,0.0,0.0,0.0
0.0,3.0,0.0,3.0,1.0,2.0,1.0,59.0,2.0,0.0,1.0,1.0,5473.0,4.0,0.0,0.0,1.0
0.0,3.0,1.0,3.0,0.0,1.0,1.0,28.0,4.0,0.0,3.0,0.0,2909.0,3.0,1.0,0.0,1.0
1.0,1.0,1.0,3.0,0.0,1.0,2.0,27.0,3.0,0.0,1.0,0.0,3041.0,4.0,0.0,0.0,1.0
1.0,3.0,1.0,3.0,0.0,2.0,19.0,29.0,3.0,0.0,3.0,0.0,8620.0,10.0,0.0,0.0,1.0
0.0,3.0,1.0,3.0,0.0,5.0,2.0,50.0,2.0,1.0,4.0,0.0,19237.0,8.0,1.0,0.0,0.0
1.0,1.0,1.0,4.0,0.0,1.0,6.0,37.0,3.0,1.0,4.0,0.0,2073.0,3.0,0.0,1.0,0.0
0.0,2.0,1.0,3.0,1.0,3.0,5.0,35.0,3.0,0.0,4.0,0.0,8095.0,16.0,0.0,0.0,1.0
0.0,3.0,0.0,3.0,0.0,2.0,1.0,25.0,3.0,0.0,3.0,1.0,4898.0,4.0,1.0,0.0,1.0
0.0,3.0,1.0,3.0,1.0,1.0,9.0,30.0,3.0,0.0,2.0,0.0,2206.0,10.0,0.0,0.0,1.0
0.0,1.0,1.0,3.0,0.0,1.0,12.0,30.0,4.0,0.0,4.0,0.0,2033.0,1.0,1.0,1.0,1.0
0.0,1.0,0.0,3.0,0.0,3.0,7.0,43.0,2.0,0.0,3.0,1.0,9985.0,1.0,1.0,0.0,1.0
0.0,4.0,0.0,3.0,1.0,3.0,3.0,32.0,3.0,0.0,2.0,1.0,11159.0,7.0,0.0,0.0,1.0
0.0,4.0,0.0,3.0,0.0,1.0,6.0,26.0,3.0,1.0,3.0,1.0,2659.0,3.0,1.0,0.0,0.0
0.0,3.0,1.0,3.0,0.0,1.0,6.0,59.0,2.0,0.0,2.0,0.0,2267.0,2.0,1.0,0.0,1.0
0.0,4.0,0.0,3.0,1.0,1.0,16.0,34.0,3.0,0.0,4.0,1.0,2553.0,5.0,0.0,0.0,1.0
0.0,3.0,1.0,3.0,0.0,1.0,2.0,38.0,1.0,1.0,5.0,0.0,3057.0,1.0,1.0,0.0,0.0
0.0,3.0,0.0,3.0,0.0,4.0,28.0,52.0,2.0,1.0,2.0,1.0,13247.0,5.0,1.0,0.0,0.0
0.0,4.0,1.0,3.0,1.0,1.0,29.0,45.0,2.0,0.0,3.0,0.0,3452.0,6.0,0.0,0.0,1.0
0.0,4.0,0.0,3.0,1.0,2.0,10.0,38.0,3.0,1.0,3.0,1.0,5666.0,5.0,0.0,0.0,0.0
0.0,3.0,0.0,3.0,0.0,2.0,10.0,38.0,3.0,0.0,3.0,1.0,9824.0,1.0,1.0,0.0,1.0
0.0,3.0,0.0,4.0,0.0,2.0,2.0,40.0,3.0,0.0,3.0,1.0,3448.0,1.0,1.0,0.0,1.0
1.0,1.0,0.0,4.0,0.0,2.0,7.0,38.0,3.0,1.0,2.0,1.0,5605.0,8.0,0.0,0.0,0.0
1.0,3.0,1.0,3.0,0.0,2.0,1.0,58.0,3.0,1.0,4.0,0.0,5660.0,5.0,0.0,0.0,0.0
1.0,2.0,1.0,3.0,0.0,3.0,10.0,40.0,2.0,0.0,4.0,0.0,9705.0,1.0,0.0,0.0,1.0
0.0,3.0,1.0,3.0,1.0,2.0,2.0,34.0,2.0,0.0,2.0,0.0,4033.0,3.0,0.0,0.0,1.0
0.0,3.0,0.0,3.0,1.0,1.0,6.0,51.0,2.0,0.0,2.0,1.0,2838.0,7.0,0.0,0.0,1.0
0.0,2.0,1.0,3.0,1.0,2.0,10.0,41.0,3.0,0.0,2.0,0.0,6151.0,19.0,0.0,0.0,1.0
1.0,1.0,1.0,3.0,0.0,3.0,9.0,45.0,3.0,1.0,3.0,0.0,10761.0,5.0,0.0,0.0,0.0
0.0,2.0,0.0,3.0,0.0,1.0,1.0,34.0,2.0,0.0,3.0,1.0,3294.0,5.0,1.0,0.0,1.0
0.0,2.0,1.0,3.0,0.0,3.0,25.0,35.0,3.0,0.0,3.0,0.0,10903.0,13.0,1.0,0.0,1.0
0.0,1.0,1.0,4.0,0.0,3.0,24.0,42.0,2.0,1.0,3.0,0.0,7406.0,10.0,1.0,0.0,0.0
0.0,3.0,1.0,3.0,0.0,2.0,8.0,50.0,3.0,1.0,2.0,0.0,6796.0,4.0,1.0,0.0,0.0
1.0,4.0,1.0,3.0,0.0,2.0,11.0,35.0,3.0,0.0,2.0,0.0,4968.0,5.0,0.0,0.0,1.0
0.0,4.0,1.0,3.0,0.0,3.0,2.0,42.0,1.0,1.0,3.0,0.0,10124.0,20.0,1.0,0.0,0.0
0.0,2.0,1.0,3.0,0.0,3.0,29.0,30.0,3.0,0.0,4.0,0.0,9250.0,4.0,1.0,0.0,1.0
0.0,1.0,0.0,3.0,0.0,2.0,7.0,31.0,1.0,0.0,2.0,1.0,4306.0,13.0,1.0,0.0,1.0
0.0,3.0,0.0,3.0,1.0,2.0,12.0,30.0,3.0,0.0,3.0,1.0,6577.0,5.0,0.0,0.0,1.0
0.0,2.0,1.0,3.0,1.0,1.0,21.0,19.0,4.0,1.0,3.0,0.0,2121.0,1.0,0.0,1.0,0.0
0.0,1.0,1.0,3.0,0.0,1.0,1.0,35.0,2.0,0.0,3.0,0.0,2194.0,3.0,1.0,0.0,1.0
0.0,4.0,1.0,3.0,0.0,3.0,3.0,36.0,3.0,1.0,1.0,0.0,10325.0,16.0,1.0,0.0,0.0
0.0,2.0,1.0,3.0,1.0,1.0,3.0,36.0,2.0,0.0,2.0,0.0,2088.0,8.0,0.0,0.0,1.0
0.0,1.0,1.0,3.0,1.0,1.0,7.0,26.0,3.0,0.0,3.0,0.0,3578.0,7.0,0.0,0.0,1.0
0.0,3.0,1.0,3.0,1.0,2.0,20.0,23.0,3.0,0.0,1.0,0.0,2272.0,4.0,0.0,0.0,1.0
0.0,1.0,0.0,4.0,0.0,4.0,2.0,50.0,3.0,0.0,3.0,1.0,17856.0,2.0,1.0,0.0,1.0
0.0,3.0,0.0,3.0,0.0,1.0,7.0,45.0,2.0,1.0,3.0,1.0,4477.0,3.0,1.0,0.0,0.0
0.0,4.0,1.0,3.0,0.0,4.0,8.0,53.0,3.0,0.0,3.0,0.0,11836.0,2.0,1.0,0.0,1.0
0.0,1.0,1.0,3.0,0.0,1.0,19.0,28.0,3.0,0.0,4.0,0.0,3196.0,6.0,1.0,0.0,1.0
0.0,3.0,1.0,3.0,0.0,1.0,28.0,50.0,3.0,1.0,1.0,0.0,3221.0,20.0,1.0,0.0,0.0
0.0,4.0,1.0,3.0,0.0,4.0,26.0,43.0,4.0,1.0,2.0,0.0,16959.0,25.0,1.0,0.0,0.0
1.0,4.0,0.0,3.0,0.0,2.0,10.0,37.0,3.0,1.0,4.0,1.0,6694.0,1.0,0.0,0.0,0.0
0.0,4.0,1.0,4.0,0.0,4.0,2.0,45.0,3.0,0.0,2.0,0.0,16792.0,20.0,1.0,0.0,1.0
0.0,4.0,1.0,4.0,1.0,1.0,25.0,32.0,1.0,1.0,4.0,0.0,2795.0,1.0,0.0,1.0,0.0
0.0,2.0,1.0,3.0,0.0,1.0,9.0,38.0,3.0,0.0,3.0,0.0,2899.0,2.0,1.0,0.0,1.0
0.0,1.0,1.0,3.0,1.0,1.0,9.0,40.0,1.0,0.0,4.0,0.0,2018.0,5.0,0.0,1.0,1.0
1.0,1.0,0.0,3.0,0.0,1.0,8.0,56.0,3.0,1.0,3.0,1.0,4257.0,2.0,0.0,0.0,0.0
0.0,1.0,1.0,3.0,0.0,2.0,9.0,40.0,4.0,0.0,2.0,0.0,5473.0,8.0,1.0,0.0,1.0
0.0,1.0,1.0,3.0,0.0,2.0,1.0,30.0,3.0,0.0,3.0,0.0,9714.0,10.0,1.0,0.0,1.0
0.0,2.0,0.0,3.0,1.0,1.0,1.0,28.0,3.0,1.0,2.0,1.0,2216.0,7.0,0.0,1.0,0.0
0.0,3.0,0.0,3.0,0.0,1.0,3.0,33.0,3.0,1.0,4.0,1.0,2909.0,8.0,1.0,0.0,0.0
0.0,3.0,1.0,3.0,0.0,2.0,28.0,33.0,3.0,1.0,4.0,0.0,5207.0,15.0,1.0,0.0,0.0
0.0,3.0,1.0,3.0,0.0,4.0,24.0,50.0,3.0,1.0,3.0,0.0,13973.0,12.0,1.0,0.0,0.0
0.0,2.0,1.0,3.0,0.0,2.0,2.0,45.0,4.0,0.0,3.0,0.0,4805.0,8.0,1.0,0.0,1.0
0.0,4.0,0.0,3.0,1.0,2.0,1.0,41.0,1.0,1.0,2.0,1.0,5993.0,6.0,0.0,0.0,0.0
0.0,4.0,1.0,3.0,1.0,1.0,9.0,29.0,3.0,0.0,5.0,0.0,3983.0,3.0,0.0,0.0,1.0
0.0,3.0,0.0,3.0,1.0,1.0,29.0,32.0,3.0,0.0,4.0,1.0,4025.0,8.0,0.0,0.0,1.0
1.0,4.0,1.0,3.0,0.0,3.0,15.0,38.0,3.0,1.0,2.0,0.0,11510.0,11.0,0.0,0.0,0.0
0.0,4.0,1.0,3.0,0.0,4.0,1.0,52.0,2.0,0.0,2.0,0.0,17099.0,9.0,1.0,0.0,1.0
0.0,4.0,0.0,4.0,1.0,2.0,1.0,38.0,4.0,0.0,4.0,1.0,8686.0,8.0,0.0,0.0,1.0
1.0,4.0,0.0,4.0,0.0,1.0,3.0,36.0,3.0,0.0,2.0,1.0,2835.0,1.0,0.0,0.0,1.0
0.0,3.0,0.0,3.0,0.0,3.0,17.0,38.0,2.0,0.0,1.0,1.0,8823.0,19.0,1.0,0.0,1.0
0.0,4.0,1.0,3.0,1.0,1.0,2.0,30.0,3.0,0.0,1.0,0.0,2720.0,5.0,0.0,0.0,1.0
1.0,3.0,1.0,3.0,0.0,5.0,9.0,41.0,4.0,0.0,3.0,0.0,19419.0,18.0,0.0,0.0,1.0
0.0,3.0,0.0,3.0,1.0,1.0,5.0,33.0,3.0,1.0,3.0,1.0,2851.0,1.0,0.0,1.0,0.0
1.0,1.0,1.0,3.0,0.0,2.0,6.0,37.0,3.0,1.0,3.0,0.0,5974.0,7.0,0.0,0.0,0.0
1.0,3.0,1.0,3.0,0.0,1.0,1.0,28.0,1.0,0.0,3.0,0.0,1563.0,1.0,0.0,0.0,1.0
0.0,3.0,1.0,3.0,1.0,1.0,1.0,29.0,2.0,0.0,3.0,0.0,2058.0,6.0,0.0,0.0,1.0
0.0,1.0,1.0,3.0,1.0,1.0,9.0,24.0,2.0,1.0,3.0,0.0,3172.0,0.0,0.0,1.0,0.0
0.0,1.0,1.0,3.0,0.0,2.0,10.0,39.0,3.0,0.0,5.0,0.0,5377.0,7.0,1.0,0.0,1.0
1.0,4.0,1.0,3.0,0.0,5.0,1.0,46.0,3.0,0.0,4.0,0.0,19627.0,2.0,0.0,0.0,1.0
0.0,4.0,1.0,4.0,0.0,1.0,28.0,45.0,3.0,0.0,3.0,0.0,2132.0,5.0,1.0,0.0,1.0
0.0,1.0,1.0,3.0,0.0,3.0,11.0,35.0,3.0,1.0,2.0,0.0,9884.0,4.0,1.0,0.0,0.0
0.0,1.0,1.0,3.0,0.0,1.0,11.0,27.0,4.0,0.0,1.0,0.0,2099.0,5.0,1.0,0.0,1.0
0.0,3.0,0.0,3.0,0.0,5.0,12.0,41.0,3.0,0.0,3.0,1.0,19545.0,22.0,1.0,0.0,1.0
0.0,2.0,0.0,3.0,1.0,3.0,9.0,34.0,4.0,0.0,3.0,1.0,8621.0,8.0,0.0,0.0,1.0
0.0,1.0,1.0,3.0,0.0,1.0,9.0,44.0,3.0,1.0,2.0,0.0,2559.0,8.0,1.0,0.0,0.0
0.0,4.0,1.0,3.0,0.0,1.0,1.0,47.0,2.0,0.0,3.0,0.0,3420.0,6.0,1.0,0.0,1.0
0.0,4.0,1.0,3.0,1.0,2.0,10.0,41.0,3.0,0.0,2.0,0.0,6230.0,14.0,0.0,0.0,1.0
0.0,4.0,0.0,3.0,0.0,2.0,1.0,43.0,2.0,0.0,3.0,1.0,5562.0,5.0,1.0,0.0,1.0
0.0,3.0,0.0,3.0,1.0,1.0,2.0,20.0,2.0,0.0,3.0,1.0,2044.0,2.0,0.0,1.0,1.0
0.0,2.0,0.0,3.0,0.0,4.0,22.0,49.0,3.0,0.0,4.0,1.0,16413.0,4.0,1.0,0.0,1.0
0.0,4.0,1.0,3.0,1.0,1.0,2.0,26.0,3.0,0.0,1.0,0.0,3904.0,4.0,0.0,0.0,1.0
0.0,2.0,1.0,3.0,0.0,3.0,2.0,55.0,3.0,0.0,1.0,0.0,10976.0,3.0,1.0,0.0,1.0
0.0,4.0,1.0,3.0,0.0,5.0,3.0,43.0,3.0,0.0,3.0,0.0,19740.0,8.0,1.0,0.0,1.0
1.0,2.0,0.0,3.0,0.0,2.0,2.0,40.0,3.0,0.0,2.0,1.0,5715.0,5.0,0.0,0.0,1.0
0.0,3.0,0.0,3.0,1.0,2.0,10.0,28.0,4.0,0.0,3.0,1.0,3660.0,8.0,0.0,0.0,1.0
0.0,3.0,0.0,4.0,0.0,2.0,9.0,34.0,2.0,0.0,1.0,1.0,5714.0,6.0,1.0,0.0,1.0
1.0,2.0,1.0,3.0,0.0,1.0,27.0,43.0,3.0,0.0,3.0,0.0,4876.0,6.0,0.0,0.0,1.0
0.0,3.0,0.0,3.0,0.0,2.0,1.0,36.0,3.0,0.0,4.0,1.0,4374.0,3.0,1.0,0.0,1.0
1.0,4.0,0.0,3.0,0.0,1.0,1.0,45.0,3.0,0.0,4.0,1.0,2270.0,5.0,0.0,0.0,1.0
0.0,3.0,0.0,3.0,0.0,2.0,3.0,39.0,2.0,1.0,2.0,1.0,5238.0,1.0,1.0,1.0,0.0
0.0,1.0,0.0,4.0,0.0,1.0,2.0,33.0,4.0,0.0,2.0,1.0,2707.0,9.0,1.0,1.0,1.0
0.0,4.0,0.0,3.0,0.0,3.0,11.0,36.0,3.0,0.0,2.0,1.0,9738.0,9.0,1.0,0.0,1.0
0.0,3.0,1.0,3.0,1.0,1.0,3.0,18.0,3.0,0.0,3.0,0.0,1420.0,0.0,0.0,0.0,1.0
0.0,1.0,1.0,3.0,1.0,1.0,2.0,28.0,2.0,0.0,2.0,0.0,2561.0,0.0,0.0,1.0,1.0
0.0,4.0,1.0,3.0,1.0,5.0,1.0,48.0,4.0,0.0,3.0,0.0,18265.0,1.0,0.0,0.0,1.0
0.0,2.0,1.0,3.0,0.0,2.0,2.0,29.0,3.0,0.0,3.0,0.0,6644.0,0.0,1.0,0.0,1.0
0.0,4.0,1.0,3.0,0.0,1.0,1.0,24.0,2.0,1.0,3.0,0.0,2293.0,2.0,1.0,1.0,0.0
0.0,4.0,0.0,3.0,0.0,2.0,28.0,30.0,3.0,0.0,2.0,1.0,5775.0,10.0,1.0,0.0,1.0
0.0,3.0,0.0,3.0,1.0,1.0,2.0,20.0,3.0,0.0,3.0,1.0,2783.0,2.0,0.0,0.0,1.0
1.0,3.0,1.0,3.0,0.0,1.0,7.0,38.0,3.0,0.0,3.0,0.0,2610.0,4.0,0.0,0.0,1.0
0.0,3.0,1.0,3.0,1.0,3.0,4.0,48.0,3.0,0.0,4.0,0.0,10999.0,15.0,0.0,0.0,1.0
1.0,4.0,1.0,3.0,0.0,3.0,3.0,35.0,3.0,0.0,4.0,0.0,7823.0,10.0,0.0,0.0,1.0
0.0,1.0,1.0,3.0,0.0,2.0,2.0,31.0,3.0,0.0,3.0,0.0,6410.0,2.0,1.0,0.0,1.0
0.0,4.0,1.0,4.0,0.0,3.0,20.0,40.0,3.0,0.0,4.0,0.0,10322.0,11.0,1.0,0.0,1.0
0.0,4.0,0.0,3.0,1.0,4.0,2.0,55.0,3.0,1.0,3.0,1.0,16659.0,5.0,0.0,0.0,0.0
0.0,2.0,0.0,3.0,1.0,1.0,1.0,21.0,4.0,1.0,1.0,1.0,2070.0,2.0,0.0,1.0,0.0
0.0,3.0,1.0,3.0,1.0,4.0,17.0,33.0,3.0,0.0,3.0,0.0,17444.0,10.0,0.0,0.0,1.0
0.0,4.0,1.0,4.0,1.0,1.0,9.0,21.0,2.0,0.0,2.0,0.0,2610.0,3.0,0.0,0.0,1.0
0.0,2.0,1.0,3.0,0.0,2.0,1.0,27.0,3.0,1.0,1.0,0.0,6349.0,5.0,1.0,0.0,0.0
1.0,3.0,0.0,3.0,0.0,2.0,17.0,24.0,3.0,0.0,1.0,1.0,4377.0,4.0,0.0,0.0,1.0
1.0,4.0,0.0,4.0,0.0,1.0,28.0,29.0,3.0,0.0,4.0,1.0,2514.0,7.0,0.0,0.0,1.0
0.0,4.0,0.0,4.0,0.0,4.0,16.0,43.0,3.0,1.0,3.0,1.0,16064.0,17.0,1.0,0.0,0.0
1.0,4.0,1.0,3.0,0.0,1.0,1.0,29.0,3.0,0.0,4.0,0.0,2720.0,10.0,0.0,0.0,1.0
0.0,3.0,1.0,3.0,1.0,4.0,10.0,58.0,2.0,0.0,4.0,0.0,13872.0,37.0,0.0,0.0,1.0
0.0,3.0,1.0,3.0,1.0,2.0,18.0,39.0,3.0,0.0,2.0,0.0,4534.0,8.0,0.0,0.0,1.0
0.0,3.0,0.0,3.0,1.0,1.0,1.0,35.0,3.0,0.0,4.0,1.0,2506.0,2.0,0.0,0.0,1.0
1.0,4.0,1.0,3.0,0.0,2.0,1.0,34.0,2.0,0.0,4.0,0.0,9725.0,15.0,0.0,0.0,1.0
1.0,3.0,1.0,3.0,0.0,3.0,10.0,38.0,3.0,1.0,4.0,0.0,8740.0,8.0,0.0,0.0,0.0
0.0,3.0,0.0,3.0,1.0,2.0,27.0,47.0,3.0,1.0,2.0,1.0,6397.0,5.0,0.0,1.0,0.0
0.0,1.0,1.0,3.0,0.0,5.0,2.0,55.0,3.0,1.0,3.0,0.0,19859.0,5.0,1.0,1.0,0.0
0.0,4.0,0.0,3.0,1.0,3.0,6.0,41.0,3.0,1.0,3.0,1.0,13591.0,1.0,0.0,0.0,0.0
0.0,4.0,1.0,3.0,0.0,3.0,1.0,55.0,3.0,0.0,2.0,0.0,10239.0,1.0,1.0,0.0,1.0
0.0,3.0,1.0,3.0,1.0,2.0,5.0,25.0,3.0,1.0,3.0,0.0,5744.0,6.0,0.0,1.0,0.0
0.0,4.0,0.0,3.0,0.0,2.0,1.0,37.0,2.0,0.0,3.0,1.0,6474.0,14.0,1.0,0.0,1.0
0.0,4.0,1.0,3.0,0.0,2.0,15.0,43.0,3.0,0.0,3.0,0.0,6804.0,2.0,1.0,0.0,1.0
1.0,2.0,0.0,3.0,0.0,3.0,22.0,35.0,2.0,0.0,3.0,1.0,11996.0,7.0,0.0,0.0,1.0
1.0,3.0,0.0,3.0,0.0,1.0,9.0,28.0,3.0,0.0,3.0,1.0,2377.0,2.0,0.0,0.0,1.0
1.0,3.0,1.0,3.0,0.0,1.0,2.0,40.0,4.0,0.0,3.0,0.0,2345.0,3.0,0.0,0.0,1.0
1.0,3.0,0.0,3.0,0.0,2.0,10.0,43.0,4.0,0.0,4.0,1.0,5257.0,9.0,0.0,0.0,1.0
0.0,1.0,1.0,3.0,0.0,2.0,4.0,25.0,4.0,0.0,1.0,0.0,4256.0,5.0,1.0,0.0,1.0
1.0,1.0,0.0,3.0,0.0,1.0,1.0,42.0,3.0,0.0,4.0,1.0,2576.0,5.0,0.0,0.0,1.0
1.0,3.0,1.0,3.0,0.0,1.0,2.0,34.0,3.0,0.0,4.0,0.0,2768.0,7.0,0.0,0.0,1.0
0.0,4.0,1.0,4.0,0.0,2.0,1.0,22.0,1.0,0.0,2.0,0.0,4775.0,2.0,1.0,0.0,1.0
1.0,4.0,1.0,3.0,0.0,1.0,2.0,31.0,1.0,1.0,4.0,0.0,2695.0,2.0,0.0,0.0,0.0
1.0,1.0,1.0,3.0,0.0,1.0,21.0,24.0,3.0,0.0,2.0,0.0,2296.0,1.0,0.0,0.0,1.0
0.0,3.0,0.0,3.0,1.0,2.0,1.0,35.0,3.0,0.0,3.0,1.0,4859.0,5.0,0.0,0.0,1.0
0.0,4.0,1.0,3.0,0.0,1.0,5.0,31.0,3.0,1.0,4.0,0.0,4821.0,5.0,1.0,0.0,0.0
0.0,4.0,0.0,3.0,1.0,3.0,8.0,32.0,3.0,0.0,3.0,1.0,8998.0,9.0,0.0,0.0,1.0
0.0,3.0,0.0,4.0,0.0,3.0,7.0,31.0,3.0,0.0,2.0,1.0,8943.0,10.0,1.0,0.0,1.0
0.0,4.0,0.0,3.0,1.0,4.0,26.0,54.0,3.0,1.0,3.0,1.0,17328.0,5.0,0.0,0.0,0.0
0.0,1.0,1.0,3.0,1.0,5.0,1.0,55.0,3.0,1.0,3.0,0.0,19045.0,36.0,0.0,0.0,0.0
0.0,1.0,0.0,4.0,1.0,1.0,16.0,32.0,3.0,1.0,1.0,1.0,3919.0,10.0,0.0,1.0,0.0
0.0,3.0,1.0,3.0,1.0,3.0,1.0,48.0,3.0,1.0,2.0,0.0,5381.0,1.0,0.0,1.0,0.0
0.0,4.0,0.0,3.0,0.0,1.0,11.0,27.0,3.0,0.0,3.0,1.0,2534.0,1.0,1.0,0.0,1.0
1.0,3.0,0.0,4.0,0.0,5.0,7.0,41.0,3.0,0.0,1.0,1.0,19973.0,21.0,0.0,0.0,1.0
0.0,2.0,1.0,3.0,1.0,4.0,2.0,53.0,2.0,0.0,3.0,0.0,16598.0,9.0,0.0,0.0,1.0
1.0,1.0,1.0,3.0,0.0,1.0,2.0,23.0,3.0,0.0,1.0,0.0,2322.0,0.0,0.0,0.0,1.0
0.0,4.0,1.0,4.0,0.0,4.0,4.0,48.0,3.0,0.0,5.0,0.0,15202.0,2.0,1.0,0.0,1.0
0.0,1.0,0.0,3.0,1.0,2.0,26.0,30.0,2.0,0.0,4.0,1.0,6696.0,6.0,0.0,1.0,1.0
0.0,2.0,1.0,3.0,1.0,1.0,7.0,36.0,3.0,0.0,3.0,0.0,2013.0,4.0,0.0,0.0,1.0
0.0,4.0,1.0,3.0,0.0,3.0,29.0,45.0,4.0,1.0,3.0,0.0,9380.0,3.0,1.0,0.0,0.0
1.0,4.0,1.0,3.0,0.0,3.0,11.0,37.0,3.0,1.0,3.0,0.0,12185.0,10.0,0.0,0.0,0.0
0.0,3.0,1.0,3.0,0.0,2.0,19.0,37.0,2.0,0.0,3.0,0.0,5768.0,4.0,1.0,0.0,1.0
1.0,4.0,1.0,3.0,0.0,2.0,7.0,31.0,3.0,0.0,3.0,0.0,7547.0,7.0,0.0,0.0,1.0
0.0,2.0,0.0,3.0,0.0,2.0,8.0,32.0,3.0,1.0,2.0,1.0,5228.0,13.0,1.0,0.0,0.0
0.0,2.0,0.0,3.0,0.0,3.0,8.0,49.0,2.0,0.0,2.0,1.0,7403.0,26.0,1.0,0.0,1.0
0.0,3.0,0.0,3.0,0.0,1.0,8.0,39.0,3.0,0.0,1.0,1.0,3755.0,8.0,1.0,0.0,1.0
0.0,3.0,0.0,3.0,1.0,2.0,10.0,35.0,3.0,1.0,4.0,1.0,6142.0,5.0,0.0,0.0,0.0
0.0,4.0,1.0,4.0,0.0,1.0,9.0,28.0,2.0,0.0,3.0,0.0,2070.0,5.0,1.0,0.0,1.0
1.0,2.0,1.0,4.0,0.0,2.0,6.0,36.0,3.0,0.0,2.0,0.0,4941.0,3.0,0.0,0.0,1.0
1.0,1.0,0.0,3.0,0.0,2.0,4.0,45.0,4.0,1.0,2.0,1.0,5006.0,5.0,0.0,0.0,0.0
0.0,1.0,1.0,3.0,0.0,2.0,29.0,38.0,3.0,1.0,1.0,0.0,6673.0,1.0,1.0,1.0,0.0
0.0,4.0,1.0,3.0,1.0,2.0,25.0,35.0,3.0,0.0,2.0,0.0,3681.0,3.0,0.0,0.0,1.0
0.0,4.0,1.0,4.0,1.0,1.0,4.0,30.0,3.0,1.0,3.0,0.0,2285.0,1.0,0.0,1.0,0.0
0.0,4.0,0.0,4.0,0.0,3.0,27.0,29.0,2.0,0.0,3.0,1.0,7639.0,10.0,1.0,0.0,1.0
0.0,3.0,1.0,3.0,1.0,1.0,3.0,20.0,2.0,0.0,3.0,0.0,3033.0,2.0,0.0,1.0,1.0
1.0,3.0,0.0,3.0,0.0,1.0,17.0,26.0,2.0,1.0,4.0,1.0,2741.0,7.0,0.0,1.0,0.0
0.0,1.0,1.0,3.0,0.0,1.0,1.0,31.0,3.0,0.0,2.0,0.0,2218.0,4.0,1.0,0.0,1.0
0.0,2.0,1.0,3.0,0.0,2.0,1.0,34.0,3.0,0.0,2.0,0.0,4325.0,5.0,1.0,0.0,1.0
0.0,2.0,0.0,3.0,1.0,1.0,1.0,31.0,4.0,1.0,3.0,1.0,2302.0,3.0,0.0,1.0,0.0
1.0,4.0,1.0,4.0,0.0,3.0,7.0,31.0,2.0,0.0,3.0,0.0,11557.0,5.0,0.0,0.0,1.0
0.0,4.0,0.0,3.0,0.0,4.0,2.0,47.0,2.0,1.0,2.0,1.0,16752.0,26.0,1.0,0.0,0.0
0.0,4.0,1.0,4.0,0.0,1.0,21.0,43.0,3.0,0.0,3.0,0.0,2258.0,3.0,1.0,0.0,1.0
0.0,2.0,1.0,3.0,1.0,5.0,2.0,58.0,3.0,1.0,4.0,0.0,19246.0,31.0,0.0,1.0,0.0
1.0,3.0,1.0,3.0,0.0,2.0,7.0,30.0,2.0,0.0,4.0,0.0,3491.0,10.0,0.0,0.0,1.0
0.0,4.0,0.0,3.0,0.0,2.0,2.0,39.0,3.0,0.0,3.0,1.0,5204.0,5.0,1.0,0.0,1.0
0.0,3.0,1.0,3.0,0.0,2.0,10.0,30.0,3.0,0.0,3.0,0.0,6578.0,10.0,1.0,0.0,1.0
1.0,3.0,1.0,3.0,0.0,1.0,6.0,28.0,3.0,1.0,3.0,0.0,2703.0,3.0,0.0,0.0,0.0
0.0,3.0,1.0,3.0,1.0,5.0,14.0,40.0,4.0,0.0,3.0,0.0,19626.0,20.0,0.0,0.0,1.0
0.0,2.0,1.0,3.0,0.0,4.0,23.0,56.0,3.0,1.0,3.0,0.0,13402.0,19.0,1.0,0.0,0.0
0.0,2.0,0.0,4.0,1.0,4.0,18.0,55.0,3.0,0.0,5.0,1.0,16835.0,10.0,0.0,0.0,1.0
0.0,4.0,1.0,4.0,1.0,3.0,10.0,32.0,4.0,0.0,3.0,0.0,11244.0,5.0,0.0,0.0,1.0
0.0,2.0,1.0,3.0,1.0,2.0,3.0,36.0,3.0,0.0,3.0,0.0,4485.0,8.0,0.0,0.0,1.0
0.0,4.0,1.0,4.0,1.0,2.0,2.0,42.0,3.0,0.0,4.0,0.0,6781.0,1.0,0.0,0.0,1.0
0.0,4.0,1.0,3.0,1.0,3.0,4.0,48.0,3.0,0.0,3.0,0.0,7898.0,10.0,0.0,0.0,1.0
1.0,1.0,0.0,3.0,0.0,5.0,4.0,56.0,3.0,0.0,4.0,1.0,19943.0,5.0,0.0,0.0,1.0
1.0,3.0,1.0,3.0,0.0,1.0,10.0,34.0,4.0,1.0,4.0,0.0,3815.0,5.0,0.0,0.0,0.0
0.0,2.0,1.0,3.0,0.0,2.0,2.0,48.0,3.0,0.0,1.0,0.0,8120.0,2.0,1.0,0.0,1.0
0.0,4.0,1.0,3.0,1.0,2.0,3.0,38.0,3.0,1.0,4.0,0.0,6861.0,1.0,0.0,0.0,0.0
0.0,4.0,1.0,4.0,0.0,1.0,10.0,45.0,2.0,0.0,2.0,0.0,2654.0,2.0,1.0,0.0,1.0
0.0,2.0,1.0,3.0,0.0,2.0,18.0,55.0,3.0,1.0,4.0,0.0,6385.0,8.0,1.0,0.0,0.0
0.0,3.0,1.0,3.0,0.0,1.0,4.0,51.0,4.0,1.0,4.0,0.0,2461.0,10.0,1.0,0.0,0.0
0.0,2.0,1.0,3.0,1.0,1.0,7.0,30.0,3.0,0.0,1.0,0.0,2983.0,3.0,0.0,0.0,1.0
0.0,1.0,0.0,3.0,0.0,2.0,26.0,45.0,3.0,0.0,4.0,1.0,4286.0,1.0,1.0,1.0,1.0
1.0,4.0,1.0,3.0,0.0,1.0,8.0,28.0,3.0,0.0,2.0,0.0,4936.0,5.0,0.0,0.0,1.0
0.0,2.0,0.0,3.0,0.0,2.0,11.0,37.0,1.0,0.0,2.0,1.0,4777.0,1.0,1.0,1.0,1.0
1.0,1.0,0.0,4.0,0.0,2.0,8.0,46.0,3.0,1.0,4.0,1.0,4615.0,16.0,0.0,0.0,0.0
0.0,4.0,0.0,3.0,0.0,2.0,1.0,42.0,3.0,1.0,2.0,1.0,6062.0,4.0,1.0,0.0,0.0
0.0,4.0,1.0,3.0,0.0,5.0,1.0,45.0,3.0,0.0,3.0,0.0,19202.0,24.0,1.0,0.0,1.0
1.0,1.0,1.0,3.0,0.0,2.0,29.0,30.0,3.0,0.0,4.0,0.0,4115.0,4.0,0.0,0.0,1.0
1.0,2.0,1.0,3.0,0.0,1.0,9.0,27.0,1.0,0.0,3.0,0.0,2024.0,2.0,0.0,0.0,1.0
0.0,4.0,0.0,3.0,1.0,1.0,1.0,37.0,3.0,0.0,3.0,1.0,2115.0,17.0,0.0,0.0,1.0
0.0,4.0,1.0,3.0,1.0,1.0,15.0,29.0,3.0,0.0,3.0,0.0,2340.0,6.0,0.0,0.0,1.0
0.0,3.0,1.0,3.0,0.0,3.0,16.0,35.0,3.0,1.0,3.0,0.0,7632.0,8.0,1.0,0.0,0.0
0.0,4.0,1.0,3.0,1.0,1.0,5.0,18.0,3.0,0.0,2.0,0.0,1051.0,0.0,0.0,0.0,1.0
0.0,4.0,1.0,3.0,1.0,1.0,2.0,42.0,3.0,1.0,1.0,0.0,2515.0,2.0,0.0,0.0,0.0
0.0,4.0,1.0,3.0,0.0,1.0,8.0,35.0,3.0,0.0,1.0,0.0,2269.0,1.0,1.0,0.0,1.0
0.0,4.0,1.0,3.0,0.0,1.0,9.0,50.0,3.0,0.0,3.0,0.0,2380.0,1.0,1.0,0.0,1.0
1.0,1.0,0.0,4.0,0.0,2.0,27.0,28.0,2.0,0.0,3.0,1.0,4877.0,5.0,0.0,0.0,1.0
1.0,1.0,1.0,3.0,0.0,1.0,5.0,41.0,1.0,0.0,2.0,0.0,2107.0,1.0,0.0,1.0,1.0
0.0,4.0,0.0,3.0,0.0,3.0,8.0,35.0,2.0,1.0,2.0,1.0,10377.0,13.0,1.0,0.0,0.0
1.0,2.0,0.0,3.0,0.0,2.0,6.0,34.0,3.0,0.0,4.0,1.0,4505.0,1.0,0.0,0.0,1.0
0.0,3.0,0.0,3.0,0.0,4.0,26.0,51.0,2.0,0.0,4.0,1.0,16307.0,20.0,1.0,0.0,1.0
0.0,2.0,1.0,3.0,0.0,2.0,29.0,42.0,2.0,0.0,3.0,0.0,4434.0,9.0,1.0,0.0,1.0
0.0,1.0,0.0,3.0,0.0,3.0,8.0,36.0,3.0,0.0,3.0,1.0,11713.0,8.0,1.0,0.0,1.0
0.0,1.0,0.0,3.0,1.0,1.0,1.0,38.0,2.0,0.0,1.0,1.0,2619.0,0.0,0.0,0.0,1.0
0.0,4.0,1.0,3.0,1.0,3.0,10.0,50.0,3.0,0.0,3.0,0.0,10496.0,4.0,0.0,0.0,1.0
0.0,3.0,0.0,4.0,1.0,2.0,3.0,38.0,3.0,1.0,5.0,1.0,4317.0,3.0,0.0,0.0,0.0
1.0,3.0,1.0,3.0,0.0,1.0,2.0,42.0,3.0,1.0,1.0,0.0,2696.0,3.0,0.0,0.0,0.0
0.0,4.0,0.0,3.0,1.0,3.0,4.0,43.0,4.0,0.0,4.0,1.0,10231.0,21.0,0.0,0.0,1.0
0.0,3.0,0.0,3.0,1.0,3.0,1.0,35.0,4.0,0.0,3.0,1.0,8789.0,10.0,0.0,0.0,1.0
0.0,3.0,1.0,3.0,0.0,2.0,4.0,55.0,3.0,1.0,4.0,0.0,4035.0,3.0,1.0,0.0,0.0
0.0,4.0,0.0,3.0,0.0,2.0,2.0,48.0,3.0,0.0,5.0,1.0,4051.0,9.0,1.0,0.0,1.0
0.0,3.0,1.0,4.0,0.0,3.0,25.0,39.0,3.0,0.0,2.0,0.0,10920.0,6.0,1.0,0.0,1.0
0.0,1.0,1.0,3.0,1.0,1.0,1.0,29.0,1.0,0.0,4.0,0.0,2362.0,9.0,0.0,1.0,1.0
1.0,4.0,0.0,3.0,0.0,5.0,7.0,44.0,2.0,1.0,3.0,1.0,19049.0,22.0,0.0,0.0,0.0
0.0,4.0,1.0,3.0,0.0,1.0,3.0,34.0,1.0,0.0,2.0,0.0,3737.0,3.0,1.0,0.0,1.0
0.0,4.0,1.0,3.0,1.0,2.0,9.0,28.0,3.0,0.0,4.0,0.0,5253.0,7.0,0.0,0.0,1.0
1.0,4.0,0.0,3.0,0.0,1.0,2.0,41.0,2.0,1.0,4.0,1.0,2778.0,7.0,0.0,1.0,0.0
1.0,4.0,0.0,3.0,0.0,1.0,7.0,29.0,3.0,0.0,1.0,1.0,2532.0,4.0,0.0,0.0,1.0
0.0,4.0,1.0,3.0,0.0,2.0,1.0,44.0,3.0,1.0,5.0,0.0,5743.0,10.0,1.0,0.0,0.0
0.0,3.0,0.0,3.0,1.0,1.0,11.0,37.0,3.0,0.0,3.0,1.0,3629.0,3.0,0.0,0.0,1.0
0.0,4.0,1.0,3.0,0.0,1.0,14.0,33.0,1.0,1.0,3.0,0.0,2436.0,5.0,1.0,1.0,0.0
1.0,4.0,1.0,3.0,0.0,3.0,1.0,39.0,2.0,0.0,3.0,0.0,9613.0,18.0,0.0,0.0,1.0
0.0,1.0,0.0,3.0,1.0,5.0,2.0,46.0,2.0,0.0,4.0,1.0,18947.0,2.0,0.0,0.0,1.0
0.0,2.0,0.0,3.0,0.0,1.0,6.0,26.0,2.0,0.0,3.0,1.0,2368.0,5.0,1.0,0.0,1.0
1.0,4.0,1.0,3.0,0.0,1.0,7.0,43.0,4.0,0.0,3.0,0.0,2089.0,5.0,0.0,0.0,1.0
0.0,2.0,0.0,3.0,0.0,1.0,4.0,32.0,3.0,0.0,2.0,1.0,3931.0,4.0,1.0,0.0,1.0
1.0,3.0,1.0,3.0,0.0,3.0,3.0,38.0,2.0,0.0,3.0,0.0,10609.0,16.0,0.0,0.0,1.0
0.0,2.0,1.0,4.0,0.0,2.0,8.0,25.0,3.0,0.0,3.0,0.0,4851.0,3.0,1.0,0.0,1.0
0.0,3.0,0.0,3.0,1.0,2.0,2.0,32.0,3.0,1.0,2.0,1.0,4998.0,8.0,0.0,0.0,0.0
1.0,1.0,0.0,3.0,0.0,1.0,14.0,37.0,2.0,0.0,3.0,1.0,3034.0,18.0,0.0,0.0,1.0
0.0,4.0,1.0,3.0,0.0,2.0,8.0,45.0,3.0,0.0,4.0,0.0,3697.0,10.0,1.0,0.0,1.0
1.0,4.0,0.0,3.0,0.0,2.0,22.0,41.0,2.0,1.0,3.0,1.0,5467.0,6.0,0.0,0.0,0.0
0.0,3.0,1.0,3.0,0.0,1.0,7.0,35.0,3.0,0.0,1.0,0.0,2404.0,1.0,1.0,0.0,1.0
1.0,1.0,1.0,4.0,0.0,2.0,1.0,33.0,3.0,0.0,3.0,0.0,4037.0,9.0,0.0,0.0,1.0
1.0,4.0,1.0,3.0,0.0,5.0,8.0,42.0,2.0,0.0,3.0,0.0,18430.0,24.0,0.0,0.0,1.0
0.0,3.0,1.0,3.0,0.0,1.0,4.0,37.0,3.0,1.0,1.0,0.0,2996.0,6.0,1.0,0.0,0.0
0.0,1.0,0.0,3.0,1.0,2.0,15.0,34.0,4.0,0.0,2.0,1.0,6125.0,10.0,0.0,0.0,1.0
0.0,4.0,1.0,3.0,1.0,1.0,1.0,33.0,2.0,1.0,4.0,0.0,2686.0,10.0,0.0,1.0,0.0
0.0,4.0,0.0,3.0,1.0,2.0,2.0,34.0,4.0,0.0,4.0,1.0,6687.0,14.0,0.0,0.0,1.0
0.0,1.0,0.0,3.0,0.0,3.0,1.0,38.0,3.0,0.0,3.0,1.0,13582.0,15.0,1.0,0.0,1.0
0.0,4.0,1.0,3.0,1.0,2.0,21.0,34.0,3.0,0.0,4.0,0.0,5337.0,10.0,0.0,0.0,1.0
1.0,2.0,1.0,3.0,0.0,3.0,7.0,49.0,3.0,0.0,4.0,0.0,10466.0,8.0,0.0,0.0,1.0
0.0,2.0,1.0,3.0,0.0,2.0,29.0,28.0,2.0,0.0,1.0,0.0,6549.0,8.0,1.0,0.0,1.0
0.0,3.0,0.0,3.0,0.0,5.0,2.0,40.0,3.0,0.0,4.0,1.0,18041.0,20.0,1.0,0.0,1.0
1.0,3.0,1.0,3.0,0.0,3.0,9.0,41.0,3.0,1.0,1.0,0.0,8189.0,9.0,0.0,0.0,0.0
0.0,1.0,1.0,3.0,0.0,1.0,14.0,27.0,2.0,1.0,3.0,0.0,2235.0,9.0,1.0,0.0,0.0
0.0,3.0,1.0,3.0,0.0,1.0,2.0,33.0,3.0,0.0,3.0,0.0,3600.0,5.0,1.0,0.0,1.0
0.0,3.0,1.0,3.0,0.0,2.0,2.0,38.0,3.0,0.0,4.0,0.0,6553.0,1.0,1.0,0.0,1.0
0.0,3.0,0.0,3.0,0.0,2.0,3.0,29.0,2.0,0.0,2.0,1.0,5561.0,6.0,1.0,0.0,1.0
1.0,2.0,0.0,3.0,0.0,2.0,4.0,30.0,2.0,1.0,2.0,1.0,5209.0,11.0,0.0,0.0,0.0
0.0,4.0,1.0,3.0,0.0,2.0,20.0,55.0,3.0,1.0,2.0,0.0,5415.0,10.0,1.0,0.0,0.0
0.0,4.0,0.0,3.0,1.0,1.0,15.0,22.0,3.0,0.0,3.0,1.0,2871.0,0.0,0.0,0.0,1.0
0.0,3.0,0.0,3.0,0.0,3.0,17.0,54.0,3.0,0.0,3.0,1.0,10739.0,10.0,1.0,0.0,1.0
0.0,4.0,1.0,3.0,1.0,3.0,18.0,35.0,3.0,0.0,2.0,0.0,9362.0,2.0,0.0,0.0,1.0
0.0,3.0,1.0,3.0,0.0,5.0,1.0,52.0,3.0,0.0,4.0,0.0,19999.0,33.0,1.0,0.0,1.0
0.0,2.0,1.0,3.0,0.0,1.0,2.0,42.0,3.0,0.0,3.0,0.0,4841.0,1.0,1.0,0.0,1.0
0.0,2.0,1.0,3.0,1.0,2.0,9.0,35.0,3.0,0.0,4.0,0.0,6540.0,1.0,0.0,0.0,1.0
0.0,1.0,1.0,3.0,1.0,2.0,1.0,26.0,3.0,0.0,3.0,0.0,4294.0,7.0,0.0,0.0,1.0
0.0,4.0,1.0,4.0,0.0,1.0,3.0,26.0,3.0,0.0,4.0,0.0,4420.0,8.0,1.0,0.0,1.0
0.0,4.0,1.0,3.0,0.0,2.0,1.0,34.0,2.0,0.0,4.0,0.0,5484.0,2.0,1.0,0.0,1.0
0.0,4.0,0.0,3.0,0.0,3.0,23.0,58.0,2.0,0.0,4.0,1.0,10312.0,40.0,1.0,0.0,1.0
0.0,3.0,0.0,3.0,1.0,2.0,14.0,42.0,3.0,0.0,2.0,1.0,6244.0,5.0,0.0,0.0,1.0
0.0,2.0,0.0,3.0,1.0,3.0,6.0,39.0,3.0,0.0,3.0,1.0,8376.0,2.0,0.0,0.0,1.0
0.0,1.0,0.0,3.0,1.0,2.0,16.0,33.0,3.0,0.0,3.0,1.0,5324.0,3.0,0.0,1.0,1.0
0.0,1.0,1.0,3.0,0.0,1.0,2.0,26.0,3.0,1.0,3.0,0.0,2042.0,3.0,1.0,1.0,0.0
0.0,2.0,0.0,4.0,0.0,1.0,13.0,32.0,3.0,0.0,3.0,1.0,2743.0,2.0,1.0,0.0,1.0
0.0,2.0,1.0,3.0,0.0,3.0,29.0,47.0,2.0,1.0,4.0,0.0,11849.0,10.0,1.0,1.0,0.0
0.0,1.0,1.0,3.0,0.0,1.0,1.0,26.0,3.0,0.0,2.0,0.0,3955.0,5.0,1.0,0.0,1.0
1.0,3.0,1.0,3.0,0.0,5.0,18.0,49.0,3.0,1.0,4.0,0.0,19502.0,31.0,0.0,0.0,0.0
0.0,3.0,1.0,3.0,1.0,2.0,4.0,47.0,3.0,0.0,1.0,0.0,2976.0,0.0,0.0,0.0,1.0
0.0,4.0,1.0,3.0,0.0,2.0,9.0,30.0,1.0,1.0,3.0,0.0,6347.0,11.0,1.0,0.0,0.0
0.0,4.0,0.0,4.0,1.0,2.0,8.0,31.0,3.0,0.0,4.0,1.0,4424.0,11.0,0.0,0.0,1.0
1.0,1.0,1.0,3.0,0.0,2.0,6.0,52.0,3.0,1.0,2.0,0.0,5577.0,10.0,0.0,0.0,0.0
0.0,4.0,0.0,3.0,1.0,4.0,2.0,59.0,3.0,1.0,3.0,1.0,13726.0,5.0,0.0,0.0,0.0
1.0,1.0,1.0,3.0,0.0,2.0,13.0,31.0,1.0,0.0,4.0,0.0,4233.0,3.0,0.0,0.0,1.0
0.0,4.0,1.0,3.0,0.0,1.0,1.0,51.0,2.0,0.0,3.0,0.0,2723.0,1.0,1.0,0.0,1.0
1.0,4.0,1.0,3.0,0.0,1.0,2.0,58.0,2.0,1.0,1.0,0.0,2380.0,1.0,0.0,1.0,0.0
0.0,1.0,1.0,3.0,1.0,1.0,4.0,20.0,3.0,0.0,3.0,0.0,2973.0,1.0,0.0,1.0,1.0
0.0,3.0,1.0,3.0,0.0,5.0,5.0,42.0,4.0,0.0,2.0,0.0,18303.0,1.0,1.0,0.0,1.0
0.0,2.0,1.0,3.0,0.0,1.0,19.0,25.0,3.0,1.0,2.0,0.0,2413.0,1.0,1.0,1.0,0.0
0.0,3.0,0.0,3.0,0.0,1.0,10.0,40.0,3.0,1.0,4.0,1.0,2213.0,7.0,1.0,0.0,0.0
0.0,4.0,1.0,4.0,0.0,5.0,26.0,55.0,3.0,0.0,5.0,0.0,19586.0,36.0,1.0,0.0,1.0
0.0,3.0,1.0,3.0,0.0,1.0,3.0,35.0,3.0,0.0,3.0,0.0,1281.0,1.0,1.0,0.0,1.0
0.0,4.0,1.0,3.0,0.0,1.0,19.0,25.0,2.0,0.0,1.0,0.0,3669.0,3.0,1.0,0.0,1.0
0.0,4.0,1.0,3.0,0.0,1.0,11.0,31.0,3.0,1.0,4.0,0.0,2356.0,6.0,1.0,0.0,0.0
1.0,3.0,0.0,3.0,0.0,2.0,5.0,30.0,3.0,0.0,3.0,1.0,6118.0,10.0,0.0,0.0,1.0
0.0,3.0,0.0,3.0,1.0,2.0,1.0,44.0,4.0,0.0,4.0,1.0,5985.0,2.0,0.0,0.0,1.0
0.0,3.0,1.0,3.0,1.0,1.0,4.0,22.0,3.0,0.0,1.0,0.0,3894.0,2.0,0.0,0.0,1.0
0.0,3.0,1.0,3.0,1.0,2.0,1.0,50.0,3.0,1.0,4.0,0.0,4728.0,0.0,0.0,0.0,0.0
1.0,4.0,1.0,3.0,0.0,2.0,24.0,40.0,3.0,0.0,2.0,0.0,3319.0,9.0,0.0,0.0,1.0
0.0,4.0,1.0,3.0,0.0,1.0,23.0,24.0,3.0,1.0,3.0,0.0,2725.0,6.0,1.0,0.0,0.0
0.0,4.0,1.0,3.0,1.0,1.0,23.0,29.0,3.0,0.0,3.0,0.0,2201.0,3.0,0.0,0.0,1.0
0.0,3.0,1.0,3.0,1.0,1.0,25.0,26.0,2.0,0.0,3.0,0.0,2293.0,1.0,0.0,1.0,1.0
0.0,2.0,0.0,3.0,1.0,2.0,2.0,35.0,3.0,0.0,3.0,1.0,4425.0,6.0,0.0,0.0,1.0
0.0,4.0,1.0,3.0,0.0,2.0,7.0,31.0,2.0,0.0,3.0,0.0,6929.0,8.0,1.0,0.0,1.0
0.0,4.0,0.0,3.0,0.0,3.0,2.0,53.0,3.0,0.0,5.0,1.0,10169.0,33.0,1.0,0.0,1.0
0.0,1.0,1.0,3.0,0.0,1.0,9.0,23.0,4.0,0.0,1.0,0.0,2500.0,4.0,1.0,0.0,1.0
0.0,4.0,0.0,3.0,0.0,1.0,12.0,28.0,2.0,1.0,1.0,1.0,2515.0,1.0,1.0,1.0,0.0
0.0,1.0,1.0,4.0,1.0,3.0,4.0,35.0,3.0,1.0,3.0,0.0,9582.0,8.0,0.0,1.0,0.0
0.0,4.0,0.0,3.0,1.0,1.0,8.0,33.0,2.0,0.0,1.0,1.0,2342.0,2.0,0.0,0.0,1.0
0.0,4.0,0.0,3.0,1.0,1.0,2.0,30.0,2.0,0.0,3.0,1.0,2564.0,11.0,0.0,0.0,1.0
1.0,4.0,1.0,3.0,0.0,3.0,25.0,43.0,3.0,0.0,3.0,0.0,10798.0,1.0,0.0,0.0,1.0
0.0,3.0,1.0,3.0,0.0,1.0,1.0,35.0,3.0,0.0,4.0,0.0,2258.0,8.0,1.0,0.0,1.0
0.0,1.0,1.0,3.0,0.0,2.0,1.0,27.0,3.0,0.0,1.0,0.0,4298.0,2.0,1.0,0.0,1.0
0.0,4.0,1.0,3.0,1.0,2.0,6.0,35.0,3.0,0.0,4.0,0.0,6646.0,17.0,0.0,0.0,1.0
0.0,3.0,1.0,3.0,0.0,1.0,7.0,31.0,4.0,0.0,4.0,0.0,2329.0,7.0,1.0,0.0,1.0
0.0,1.0,1.0,3.0,1.0,1.0,3.0,33.0,3.0,1.0,3.0,0.0,3348.0,10.0,0.0,1.0,0.0
0.0,4.0,1.0,3.0,0.0,1.0,21.0,28.0,1.0,0.0,3.0,0.0,2713.0,5.0,1.0,0.0,1.0
0.0,4.0,0.0,4.0,0.0,2.0,2.0,47.0,3.0,1.0,2.0,1.0,4537.0,7.0,1.0,0.0,0.0
1.0,1.0,1.0,3.0,0.0,4.0,10.0,41.0,2.0,0.0,3.0,0.0,17181.0,7.0,0.0,0.0,1.0
0.0,3.0,1.0,3.0,1.0,1.0,10.0,23.0,3.0,0.0,1.0,0.0,3505.0,2.0,0.0,0.0,1.0
0.0,3.0,1.0,3.0,0.0,1.0,18.0,24.0,3.0,0.0,1.0,0.0,2774.0,5.0,1.0,0.0,1.0
0.0,3.0,1.0,3.0,1.0,2.0,6.0,32.0,3.0,0.0,4.0,0.0,5010.0,11.0,0.0,0.0,1.0
1.0,3.0,1.0,4.0,0.0,1.0,24.0,30.0,3.0,0.0,1.0,0.0,2693.0,1.0,0.0,0.0,1.0
0.0,4.0,1.0,4.0,1.0,4.0,6.0,40.0,3.0,1.0,2.0,0.0,16437.0,21.0,0.0,0.0,0.0
1.0,1.0,1.0,3.0,0.0,2.0,5.0,25.0,3.0,0.0,2.0,0.0,4000.0,6.0,0.0,0.0,1.0
0.0,1.0,0.0,3.0,0.0,4.0,10.0,42.0,3.0,0.0,3.0,1.0,16799.0,20.0,1.0,0.0,1.0
0.0,2.0,1.0,3.0,1.0,3.0,25.0,40.0,3.0,1.0,4.0,0.0,9094.0,5.0,0.0,1.0,0.0
0.0,4.0,0.0,3.0,1.0,2.0,4.0,47.0,3.0,1.0,2.0,1.0,4163.0,9.0,0.0,0.0,0.0
1.0,4.0,1.0,4.0,0.0,2.0,6.0,33.0,1.0,0.0,3.0,0.0,7725.0,13.0,0.0,0.0,1.0
0.0,4.0,1.0,3.0,0.0,1.0,2.0,22.0,3.0,0.0,1.0,0.0,2523.0,2.0,1.0,0.0,1.0
0.0,4.0,1.0,3.0,0.0,1.0,7.0,35.0,2.0,0.0,2.0,0.0,2690.0,1.0,1.0,0.0,1.0
0.0,4.0,0.0,3.0,0.0,3.0,5.0,30.0,3.0,0.0,3.0,1.0,9419.0,10.0,1.0,0.0,1.0
1.0,3.0,0.0,3.0,0.0,2.0,21.0,42.0,3.0,0.0,2.0,1.0,5265.0,5.0,0.0,0.0,1.0
0.0,3.0,1.0,3.0,0.0,1.0,9.0,36.0,2.0,1.0,3.0,0.0,3388.0,1.0,1.0,1.0,0.0
0.0,2.0,0.0,3.0,0.0,1.0,2.0,32.0,3.0,0.0,3.0,1.0,2370.0,8.0,1.0,0.0,1.0
0.0,2.0,0.0,3.0,0.0,2.0,1.0,37.0,2.0,0.0,4.0,1.0,6447.0,6.0,1.0,0.0,1.0
0.0,2.0,1.0,3.0,1.0,5.0,14.0,55.0,3.0,0.0,4.0,0.0,18722.0,24.0,0.0,0.0,1.0
0.0,2.0,1.0,3.0,1.0,2.0,11.0,36.0,3.0,0.0,3.0,0.0,6499.0,6.0,0.0,0.0,1.0
0.0,4.0,1.0,3.0,1.0,2.0,3.0,34.0,2.0,0.0,1.0,0.0,7756.0,6.0,0.0,0.0,1.0
0.0,2.0,0.0,3.0,0.0,4.0,2.0,46.0,2.0,1.0,3.0,1.0,16872.0,7.0,1.0,0.0,0.0
0.0,1.0,1.0,4.0,0.0,1.0,6.0,39.0,1.0,1.0,3.0,0.0,2404.0,2.0,1.0,1.0,0.0
0.0,1.0,1.0,3.0,0.0,2.0,11.0,26.0,3.0,1.0,2.0,0.0,4741.0,5.0,1.0,0.0,0.0
0.0,3.0,0.0,3.0,1.0,2.0,3.0,24.0,3.0,0.0,2.0,1.0,4577.0,2.0,0.0,0.0,1.0
0.0,3.0,0.0,3.0,0.0,2.0,7.0,46.0,4.0,0.0,4.0,1.0,5258.0,1.0,1.0,0.0,1.0
0.0,4.0,0.0,3.0,1.0,1.0,1.0,18.0,4.0,0.0,3.0,1.0,1611.0,0.0,0.0,0.0,1.0
0.0,1.0,0.0,4.0,0.0,1.0,3.0,59.0,2.0,1.0,3.0,1.0,2670.0,1.0,1.0,0.0,0.0
0.0,1.0,0.0,3.0,0.0,5.0,7.0,60.0,1.0,0.0,3.0,1.0,19566.0,29.0,1.0,0.0,1.0
0.0,3.0,1.0,3.0,0.0,3.0,1.0,34.0,3.0,1.0,3.0,0.0,7083.0,10.0,1.0,0.0,0.0
0.0,4.0,0.0,4.0,1.0,2.0,1.0,30.0,3.0,0.0,2.0,1.0,4011.0,12.0,0.0,0.0,1.0
0.0,3.0,1.0,3.0,0.0,4.0,20.0,50.0,3.0,1.0,5.0,0.0,11245.0,30.0,1.0,0.0,0.0
1.0,3.0,1.0,3.0,0.0,2.0,16.0,47.0,4.0,1.0,4.0,0.0,5067.0,19.0,0.0,0.0,0.0
0.0,3.0,1.0,3.0,0.0,1.0,13.0,25.0,3.0,0.0,1.0,0.0,2096.0,7.0,1.0,0.0,1.0
1.0,1.0,0.0,3.0,0.0,3.0,17.0,50.0,3.0,0.0,5.0,1.0,13269.0,14.0,0.0,0.0,1.0
0.0,3.0,1.0,3.0,1.0,1.0,5.0,28.0,2.0,1.0,4.0,0.0,3441.0,2.0,0.0,1.0,0.0
1.0,3.0,1.0,3.0,0.0,2.0,29.0,26.0,3.0,0.0,2.0,0.0,4306.0,0.0,0.0,0.0,1.0
1.0,3.0,1.0,3.0,0.0,2.0,15.0,36.0,2.0,0.0,3.0,0.0,4834.0,1.0,0.0,0.0,1.0
1.0,3.0,1.0,3.0,0.0,3.0,10.0,37.0,3.0,0.0,3.0,0.0,10048.0,1.0,0.0,0.0,1.0
0.0,4.0,0.0,3.0,1.0,3.0,6.0,45.0,3.0,0.0,3.0,1.0,8865.0,19.0,0.0,0.0,1.0
0.0,3.0,1.0,4.0,1.0,3.0,7.0,35.0,4.0,0.0,3.0,0.0,10221.0,8.0,0.0,0.0,1.0
0.0,3.0,1.0,3.0,0.0,4.0,2.0,42.0,2.0,1.0,1.0,0.0,17861.0,20.0,1.0,0.0,0.0
0.0,3.0,1.0,3.0,0.0,2.0,28.0,25.0,3.0,0.0,3.0,0.0,8639.0,2.0,1.0,0.0,1.0
1.0,4.0,1.0,3.0,0.0,4.0,2.0,39.0,3.0,0.0,3.0,0.0,12169.0,18.0,0.0,0.0,1.0
0.0,4.0,0.0,3.0,1.0,1.0,9.0,42.0,3.0,0.0,2.0,1.0,3673.0,12.0,0.0,0.0,1.0
0.0,3.0,1.0,4.0,0.0,1.0,6.0,22.0,3.0,0.0,1.0,0.0,2773.0,2.0,1.0,0.0,1.0
0.0,3.0,0.0,3.0,0.0,1.0,7.0,41.0,3.0,0.0,2.0,1.0,3376.0,10.0,1.0,0.0,1.0
0.0,4.0,1.0,3.0,1.0,3.0,10.0,36.0,2.0,0.0,4.0,0.0,9980.0,10.0,0.0,0.0,1.0
0.0,2.0,0.0,3.0,1.0,1.0,5.0,30.0,3.0,0.0,3.0,1.0,2422.0,3.0,0.0,0.0,1.0
0.0,2.0,0.0,3.0,1.0,3.0,1.0,31.0,3.0,0.0,5.0,1.0,7446.0,10.0,0.0,0.0,1.0
1.0,4.0,1.0,3.0,0.0,2.0,2.0,46.0,2.0,0.0,4.0,0.0,7379.0,6.0,0.0,0.0,1.0
0.0,2.0,1.0,3.0,0.0,2.0,14.0,38.0,3.0,0.0,3.0,0.0,9924.0,9.0,1.0,0.0,1.0
0.0,4.0,0.0,3.0,1.0,3.0,7.0,31.0,2.0,1.0,4.0,1.0,7143.0,11.0,0.0,0.0,0.0
0.0,3.0,0.0,3.0,1.0,4.0,6.0,40.0,3.0,0.0,3.0,1.0,13237.0,20.0,0.0,0.0,1.0
1.0,3.0,0.0,3.0,0.0,3.0,1.0,54.0,1.0,0.0,4.0,1.0,10502.0,5.0,0.0,0.0,1.0
0.0,2.0,1.0,3.0,0.0,2.0,23.0,44.0,4.0,0.0,3.0,0.0,2042.0,3.0,1.0,0.0,1.0
0.0,3.0,1.0,3.0,0.0,2.0,18.0,25.0,2.0,0.0,1.0,0.0,6232.0,3.0,1.0,0.0,1.0
1.0,4.0,0.0,3.0,0.0,2.0,6.0,38.0,3.0,1.0,3.0,1.0,5329.0,13.0,0.0,0.0,0.0
0.0,4.0,0.0,3.0,1.0,1.0,18.0,21.0,2.0,0.0,1.0,1.0,2693.0,1.0,0.0,1.0,1.0
0.0,2.0,1.0,3.0,0.0,1.0,16.0,35.0,3.0,0.0,3.0,0.0,2426.0,5.0,1.0,0.0,1.0
1.0,4.0,1.0,3.0,0.0,4.0,6.0,43.0,2.0,1.0,4.0,0.0,16627.0,1.0,0.0,0.0,0.0
1.0,3.0,0.0,3.0,0.0,4.0,3.0,47.0,2.0,1.0,3.0,1.0,13770.0,22.0,0.0,0.0,0.0
0.0,2.0,0.0,3.0,1.0,2.0,13.0,29.0,1.0,0.0,3.0,1.0,5765.0,5.0,0.0,1.0,1.0
0.0,3.0,1.0,3.0,0.0,2.0,5.0,49.0,2.0,0.0,4.0,0.0,6651.0,3.0,1.0,0.0,1.0
0.0,2.0,0.0,3.0,0.0,3.0,25.0,38.0,3.0,0.0,2.0,1.0,12061.0,10.0,1.0,0.0,1.0
0.0,1.0,1.0,3.0,1.0,2.0,2.0,31.0,3.0,0.0,4.0,0.0,5332.0,5.0,0.0,0.0,1.0
1.0,4.0,0.0,4.0,0.0,1.0,23.0,26.0,1.0,0.0,3.0,1.0,2886.0,3.0,0.0,0.0,1.0
0.0,3.0,0.0,3.0,1.0,2.0,6.0,43.0,1.0,1.0,3.0,1.0,4081.0,20.0,0.0,0.0,0.0
1.0,3.0,0.0,3.0,0.0,1.0,6.0,34.0,2.0,0.0,2.0,1.0,2351.0,2.0,0.0,0.0,1.0
0.0,3.0,1.0,3.0,0.0,1.0,5.0,41.0,2.0,1.0,5.0,0.0,2127.0,4.0,1.0,0.0,0.0
1.0,3.0,0.0,3.0,0.0,1.0,1.0,39.0,3.0,0.0,4.0,1.0,2232.0,3.0,0.0,0.0,1.0
0.0,3.0,1.0,4.0,0.0,2.0,1.0,42.0,3.0,0.0,1.0,0.0,4907.0,20.0,1.0,0.0,1.0
0.0,3.0,1.0,3.0,1.0,1.0,2.0,37.0,3.0,1.0,2.0,0.0,2090.0,0.0,0.0,1.0,0.0
0.0,1.0,0.0,3.0,1.0,2.0,17.0,42.0,3.0,1.0,2.0,1.0,6545.0,3.0,0.0,0.0,0.0
0.0,2.0,1.0,3.0,0.0,2.0,2.0,38.0,3.0,0.0,3.0,0.0,4855.0,5.0,1.0,0.0,1.0
0.0,2.0,0.0,3.0,0.0,1.0,11.0,22.0,3.0,0.0,3.0,1.0,2244.0,2.0,1.0,0.0,1.0
0.0,3.0,1.0,3.0,0.0,4.0,3.0,46.0,3.0,0.0,1.0,0.0,17465.0,12.0,1.0,0.0,1.0
0.0,4.0,1.0,3.0,0.0,2.0,14.0,36.0,2.0,1.0,1.0,0.0,6586.0,16.0,1.0,0.0,0.0
0.0,1.0,0.0,3.0,0.0,1.0,5.0,36.0,4.0,1.0,4.0,1.0,3419.0,1.0,1.0,0.0,0.0
0.0,3.0,0.0,4.0,0.0,3.0,29.0,48.0,1.0,0.0,1.0,1.0,12504.0,0.0,1.0,0.0,1.0
0.0,3.0,1.0,3.0,0.0,2.0,22.0,31.0,2.0,1.0,4.0,0.0,6179.0,10.0,1.0,1.0,0.0
0.0,2.0,1.0,3.0,0.0,1.0,8.0,50.0,3.0,0.0,4.0,0.0,3875.0,2.0,1.0,0.0,1.0
0.0,3.0,1.0,3.0,0.0,2.0,1.0,35.0,3.0,0.0,3.0,0.0,4717.0,11.0,1.0,0.0,1.0
1.0,2.0,1.0,4.0,0.0,1.0,14.0,35.0,1.0,1.0,4.0,0.0,3743.0,4.0,0.0,1.0,0.0
0.0,2.0,1.0,3.0,0.0,1.0,7.0,30.0,2.0,0.0,3.0,0.0,2141.0,6.0,1.0,0.0,1.0
0.0,4.0,1.0,4.0,1.0,2.0,5.0,46.0,3.0,1.0,4.0,0.0,5772.0,9.0,0.0,0.0,0.0
1.0,2.0,1.0,3.0,0.0,1.0,9.0,40.0,3.0,1.0,4.0,0.0,3617.0,1.0,0.0,0.0,0.0
0.0,2.0,0.0,3.0,1.0,1.0,1.0,25.0,2.0,0.0,3.0,1.0,2096.0,2.0,0.0,0.0,1.0
0.0,1.0,0.0,3.0,0.0,2.0,20.0,49.0,2.0,0.0,4.0,1.0,6567.0,15.0,1.0,0.0,1.0
0.0,1.0,1.0,4.0,0.0,1.0,6.0,23.0,3.0,1.0,3.0,0.0,1601.0,0.0,1.0,1.0,0.0
0.0,1.0,0.0,4.0,1.0,1.0,2.0,39.0,4.0,1.0,3.0,1.0,3646.0,1.0,0.0,1.0,0.0
0.0,2.0,0.0,3.0,0.0,1.0,14.0,33.0,3.0,0.0,3.0,1.0,2756.0,8.0,1.0,0.0,1.0
1.0,1.0,0.0,3.0,0.0,2.0,19.0,54.0,3.0,1.0,4.0,1.0,5485.0,5.0,0.0,0.0,0.0
0.0,2.0,1.0,3.0,0.0,3.0,8.0,51.0,1.0,0.0,4.0,0.0,12490.0,10.0,1.0,0.0,1.0
1.0,4.0,1.0,3.0,0.0,3.0,8.0,31.0,3.0,0.0,2.0,0.0,10793.0,13.0,0.0,0.0,1.0
1.0,3.0,0.0,3.0,0.0,2.0,29.0,42.0,3.0,0.0,2.0,1.0,4556.0,5.0,0.0,0.0,1.0
0.0,3.0,1.0,3.0,1.0,1.0,17.0,44.0,3.0,0.0,3.0,0.0,2290.0,0.0,0.0,0.0,1.0
0.0,4.0,0.0,3.0,0.0,2.0,26.0,40.0,1.0,1.0,2.0,1.0,4422.0,1.0,1.0,0.0,0.0
1.0,1.0,1.0,3.0,0.0,2.0,17.0,28.0,3.0,0.0,2.0,0.0,4558.0,10.0,0.0,0.0,1.0
0.0,4.0,0.0,3.0,0.0,3.0,1.0,29.0,3.0,0.0,1.0,1.0,7918.0,11.0,1.0,0.0,1.0
0.0,1.0,1.0,3.0,0.0,2.0,11.0,31.0,2.0,1.0,2.0,0.0,6833.0,6.0,1.0,0.0,0.0
0.0,4.0,0.0,3.0,0.0,3.0,7.0,44.0,3.0,0.0,4.0,1.0,10248.0,22.0,1.0,0.0,1.0
0.0,4.0,1.0,3.0,1.0,1.0,18.0,29.0,2.0,1.0,1.0,0.0,2389.0,4.0,0.0,1.0,0.0
0.0,3.0,1.0,3.0,0.0,4.0,2.0,46.0,1.0,0.0,3.0,0.0,17861.0,3.0,1.0,0.0,1.0
0.0,1.0,0.0,3.0,1.0,3.0,25.0,59.0,2.0,0.0,3.0,1.0,7637.0,21.0,0.0,0.0,1.0
0.0,4.0,0.0,3.0,1.0,2.0,1.0,33.0,3.0,0.0,3.0,1.0,6949.0,5.0,0.0,0.0,1.0
0.0,4.0,1.0,3.0,0.0,2.0,5.0,39.0,4.0,0.0,3.0,0.0,2086.0,1.0,1.0,0.0,1.0
0.0,4.0,1.0,3.0,1.0,1.0,21.0,20.0,3.0,0.0,3.0,0.0,2678.0,2.0,0.0,0.0,1.0
0.0,1.0,0.0,3.0,0.0,2.0,1.0,33.0,3.0,0.0,3.0,1.0,5376.0,5.0,1.0,0.0,1.0
0.0,3.0,0.0,3.0,1.0,2.0,8.0,54.0,3.0,0.0,4.0,1.0,3780.0,1.0,0.0,0.0,1.0
1.0,3.0,0.0,4.0,0.0,2.0,2.0,40.0,3.0,0.0,1.0,1.0,6377.0,12.0,0.0,0.0,1.0
0.0,2.0,1.0,3.0,1.0,1.0,2.0,48.0,2.0,0.0,2.0,0.0,2559.0,1.0,0.0,0.0,1.0
1.0,3.0,1.0,3.0,0.0,5.0,1.0,39.0,3.0,1.0,1.0,0.0,19197.0,21.0,0.0,0.0,0.0
0.0,3.0,0.0,3.0,0.0,1.0,5.0,26.0,3.0,1.0,2.0,1.0,2366.0,8.0,1.0,1.0,0.0
0.0,1.0,0.0,4.0,0.0,3.0,17.0,30.0,3.0,1.0,4.0,1.0,11916.0,9.0,1.0,0.0,0.0
1.0,2.0,1.0,3.0,0.0,2.0,9.0,36.0,3.0,1.0,2.0,0.0,8847.0,3.0,0.0,0.0,0.0
0.0,4.0,1.0,3.0,0.0,1.0,7.0,25.0,3.0,0.0,1.0,0.0,2889.0,2.0,1.0,0.0,1.0
0.0,4.0,1.0,3.0,1.0,3.0,7.0,56.0,2.0,0.0,3.0,0.0,7260.0,6.0,0.0,0.0,1.0
0.0,1.0,1.0,3.0,0.0,2.0,2.0,42.0,4.0,0.0,5.0,0.0,6272.0,4.0,1.0,0.0,1.0
0.0,4.0,1.0,3.0,0.0,1.0,2.0,31.0,1.0,1.0,3.0,0.0,3722.0,2.0,1.0,1.0,0.0
0.0,2.0,0.0,3.0,1.0,2.0,16.0,38.0,4.0,0.0,3.0,1.0,4198.0,3.0,0.0,0.0,1.0
1.0,1.0,1.0,3.0,0.0,5.0,4.0,44.0,2.0,0.0,2.0,0.0,19190.0,25.0,0.0,0.0,1.0
0.0,4.0,0.0,3.0,1.0,3.0,1.0,33.0,3.0,1.0,2.0,1.0,13458.0,15.0,0.0,0.0,0.0
0.0,3.0,0.0,3.0,0.0,2.0,25.0,30.0,4.0,1.0,2.0,1.0,4736.0,2.0,1.0,1.0,0.0
0.0,4.0,0.0,3.0,0.0,1.0,15.0,29.0,2.0,1.0,1.0,1.0,2168.0,5.0,1.0,1.0,0.0
0.0,2.0,0.0,3.0,1.0,2.0,3.0,37.0,2.0,0.0,3.0,1.0,4107.0,4.0,0.0,0.0,1.0
1.0,3.0,1.0,3.0,0.0,2.0,9.0,43.0,3.0,1.0,5.0,0.0,5679.0,8.0,0.0,0.0,0.0
0.0,4.0,0.0,3.0,1.0,2.0,3.0,59.0,3.0,0.0,3.0,1.0,5171.0,6.0,0.0,0.0,1.0
1.0,2.0,1.0,3.0,0.0,4.0,5.0,51.0,3.0,1.0,3.0,0.0,14026.0,33.0,0.0,0.0,0.0
0.0,1.0,0.0,3.0,0.0,2.0,14.0,40.0,3.0,0.0,2.0,1.0,4639.0,5.0,1.0,0.0,1.0
0.0,1.0,1.0,3.0,0.0,5.0,5.0,54.0,2.0,0.0,2.0,0.0,19406.0,4.0,1.0,0.0,1.0
0.0,3.0,1.0,4.0,1.0,3.0,7.0,49.0,3.0,0.0,3.0,0.0,10965.0,5.0,0.0,0.0,1.0
0.0,3.0,1.0,3.0,0.0,2.0,23.0,35.0,3.0,1.0,2.0,0.0,5916.0,1.0,1.0,1.0,0.0
0.0,4.0,0.0,4.0,1.0,2.0,26.0,25.0,2.0,0.0,1.0,1.0,6180.0,6.0,0.0,0.0,1.0
1.0,2.0,1.0,4.0,0.0,5.0,9.0,51.0,2.0,1.0,3.0,0.0,19847.0,29.0,0.0,0.0,0.0
1.0,2.0,0.0,4.0,0.0,2.0,8.0,43.0,4.0,0.0,3.0,1.0,4765.0,1.0,0.0,0.0,1.0
0.0,4.0,0.0,3.0,0.0,3.0,15.0,44.0,3.0,0.0,3.0,1.0,7978.0,10.0,1.0,0.0,1.0
0.0,2.0,1.0,3.0,1.0,1.0,29.0,31.0,4.0,0.0,2.0,0.0,3479.0,5.0,0.0,0.0,1.0
0.0,2.0,1.0,3.0,1.0,1.0,24.0,45.0,3.0,0.0,4.0,0.0,2177.0,6.0,0.0,0.0,1.0
1.0,4.0,1.0,3.0,0.0,2.0,8.0,40.0,3.0,1.0,2.0,0.0,4069.0,2.0,0.0,0.0,0.0
1.0,2.0,0.0,4.0,0.0,2.0,1.0,26.0,1.0,0.0,3.0,1.0,6397.0,6.0,0.0,0.0,1.0
0.0,4.0,0.0,3.0,1.0,2.0,1.0,36.0,3.0,0.0,5.0,1.0,6653.0,1.0,0.0,0.0,1.0
1.0,1.0,0.0,3.0,0.0,1.0,5.0,30.0,3.0,0.0,3.0,1.0,3204.0,3.0,0.0,0.0,1.0
0.0,1.0,1.0,3.0,1.0,1.0,1.0,33.0,3.0,1.0,4.0,0.0,2799.0,3.0,0.0,0.0,0.0
0.0,4.0,1.0,4.0,1.0,1.0,4.0,26.0,2.0,1.0,2.0,0.0,2875.0,8.0,0.0,0.0,0.0
0.0,2.0,1.0,3.0,1.0,2.0,6.0,41.0,3.0,1.0,3.0,0.0,6032.0,5.0,0.0,0.0,0.0
1.0,2.0,0.0,3.0,0.0,1.0,5.0,31.0,2.0,0.0,3.0,1.0,2789.0,2.0,0.0,0.0,1.0
0.0,1.0,1.0,3.0,0.0,1.0,3.0,44.0,4.0,0.0,3.0,0.0,2362.0,3.0,1.0,0.0,1.0
0.0,3.0,1.0,3.0,1.0,3.0,8.0,27.0,3.0,0.0,3.0,0.0,8726.0,9.0,0.0,0.0,1.0
0.0,4.0,1.0,3.0,1.0,3.0,8.0,51.0,3.0,0.0,4.0,0.0,10650.0,4.0,0.0,1.0,1.0
0.0,2.0,0.0,4.0,0.0,2.0,2.0,28.0,3.0,1.0,4.0,1.0,4779.0,8.0,1.0,0.0,0.0
0.0,3.0,1.0,3.0,0.0,2.0,7.0,32.0,3.0,0.0,2.0,0.0,4883.0,10.0,1.0,0.0,1.0
1.0,4.0,0.0,4.0,0.0,2.0,3.0,27.0,3.0,1.0,1.0,1.0,4647.0,6.0,0.0,0.0,0.0
0.0,3.0,1.0,3.0,1.0,1.0,10.0,20.0,3.0,1.0,1.0,0.0,1009.0,1.0,0.0,1.0,0.0
1.0,2.0,1.0,3.0,0.0,2.0,9.0,45.0,1.0,0.0,3.0,0.0,2348.0,17.0,0.0,0.0,1.0
1.0,3.0,0.0,3.0,0.0,2.0,16.0,48.0,3.0,0.0,4.0,1.0,6439.0,8.0,0.0,0.0,1.0
0.0,3.0,0.0,3.0,0.0,1.0,2.0,34.0,3.0,0.0,4.0,1.0,2231.0,4.0,1.0,0.0,1.0
0.0,2.0,0.0,3.0,0.0,3.0,2.0,53.0,3.0,0.0,3.0,1.0,7525.0,15.0,1.0,0.0,1.0
0.0,4.0,1.0,3.0,0.0,2.0,2.0,38.0,3.0,0.0,2.0,0.0,5249.0,8.0,1.0,0.0,1.0
1.0,2.0,0.0,3.0,0.0,3.0,3.0,28.0,2.0,0.0,3.0,1.0,7655.0,9.0,0.0,0.0,1.0
0.0,4.0,0.0,3.0,0.0,2.0,2.0,27.0,3.0,0.0,4.0,1.0,4227.0,3.0,1.0,0.0,1.0
0.0,3.0,1.0,4.0,1.0,1.0,2.0,36.0,3.0,0.0,4.0,0.0,2519.0,11.0,0.0,0.0,1.0
1.0,2.0,1.0,3.0,0.0,3.0,9.0,37.0,3.0,0.0,4.0,0.0,8834.0,9.0,0.0,0.0,1.0
0.0,2.0,0.0,3.0,0.0,2.0,7.0,33.0,3.0,0.0,3.0,1.0,4302.0,3.0,1.0,0.0,1.0
1.0,2.0,0.0,3.0,0.0,1.0,10.0,29.0,2.0,0.0,3.0,1.0,3291.0,7.0,0.0,0.0,1.0
0.0,3.0,1.0,3.0,0.0,2.0,1.0,57.0,3.0,0.0,4.0,0.0,6755.0,3.0,1.0,0.0,1.0
0.0,1.0,0.0,3.0,1.0,5.0,10.0,49.0,3.0,1.0,4.0,1.0,18665.0,3.0,0.0,0.0,0.0
0.0,3.0,0.0,3.0,1.0,3.0,9.0,40.0,2.0,0.0,4.0,1.0,13499.0,18.0,0.0,0.0,1.0
0.0,2.0,1.0,3.0,0.0,1.0,3.0,36.0,2.0,0.0,3.0,0.0,3692.0,11.0,1.0,0.0,1.0
0.0,4.0,1.0,3.0,0.0,1.0,6.0,36.0,3.0,0.0,3.0,0.0,3210.0,15.0,1.0,0.0,1.0
1.0,1.0,1.0,3.0,0.0,3.0,7.0,45.0,3.0,0.0,3.0,0.0,5210.0,24.0,0.0,0.0,1.0
1.0,2.0,0.0,3.0,0.0,1.0,25.0,35.0,2.0,1.0,4.0,1.0,2022.0,10.0,0.0,1.0,0.0
1.0,2.0,0.0,3.0,0.0,2.0,3.0,34.0,3.0,0.0,3.0,1.0,5433.0,11.0,0.0,0.0,1.0
1.0,4.0,1.0,3.0,0.0,2.0,7.0,60.0,3.0,1.0,4.0,0.0,5220.0,11.0,0.0,0.0,0.0
0.0,4.0,0.0,4.0,1.0,2.0,2.0,30.0,3.0,0.0,3.0,1.0,6091.0,5.0,0.0,0.0,1.0
0.0,2.0,0.0,3.0,0.0,1.0,16.0,27.0,3.0,0.0,4.0,1.0,2811.0,2.0,1.0,0.0,1.0
0.0,3.0,1.0,3.0,1.0,1.0,24.0,44.0,3.0,0.0,3.0,0.0,3708.0,5.0,0.0,0.0,1.0
0.0,3.0,0.0,4.0,1.0,1.0,10.0,21.0,1.0,0.0,2.0,1.0,2625.0,2.0,0.0,1.0,1.0
0.0,3.0,0.0,3.0,1.0,4.0,1.0,49.0,3.0,1.0,2.0,1.0,13964.0,7.0,0.0,0.0,0.0
0.0,4.0,1.0,3.0,1.0,2.0,10.0,32.0,2.0,0.0,3.0,0.0,5396.0,10.0,0.0,0.0,1.0
0.0,1.0,0.0,3.0,0.0,3.0,1.0,27.0,3.0,0.0,2.0,1.0,7412.0,9.0,1.0,0.0,1.0
0.0,3.0,0.0,3.0,0.0,1.0,22.0,30.0,3.0,1.0,3.0,1.0,2132.0,5.0,1.0,1.0,0.0
0.0,3.0,1.0,3.0,0.0,5.0,9.0,50.0,3.0,1.0,3.0,0.0,19331.0,1.0,1.0,0.0,0.0
0.0,4.0,0.0,3.0,0.0,4.0,4.0,52.0,1.0,0.0,2.0,1.0,16555.0,5.0,1.0,0.0,1.0
0.0,4.0,1.0,3.0,0.0,1.0,4.0,25.0,4.0,1.0,1.0,0.0,3691.0,7.0,1.0,0.0,0.0
0.0,3.0,0.0,3.0,0.0,2.0,9.0,45.0,3.0,0.0,4.0,1.0,5593.0,15.0,1.0,0.0,1.0
0.0,4.0,1.0,3.0,0.0,1.0,3.0,34.0,3.0,0.0,4.0,0.0,2979.0,0.0,1.0,0.0,1.0
0.0,4.0,0.0,3.0,1.0,1.0,6.0,20.0,3.0,1.0,3.0,1.0,2926.0,1.0,0.0,1.0,0.0
0.0,4.0,1.0,3.0,0.0,1.0,9.0,37.0,2.0,1.0,3.0,0.0,2326.0,4.0,1.0,0.0,0.0
0.0,4.0,0.0,3.0,1.0,1.0,2.0,47.0,2.0,1.0,4.0,1.0,3294.0,3.0,0.0,0.0,0.0
0.0,2.0,1.0,4.0,0.0,2.0,28.0,26.0,4.0,0.0,2.0,0.0,6272.0,5.0,1.0,0.0,1.0
0.0,2.0,0.0,3.0,1.0,1.0,1.0,21.0,3.0,1.0,1.0,1.0,2174.0,3.0,0.0,1.0,0.0
0.0,4.0,1.0,3.0,0.0,2.0,10.0,44.0,4.0,1.0,4.0,0.0,6465.0,4.0,1.0,0.0,0.0
0.0,4.0,0.0,3.0,1.0,1.0,10.0,43.0,3.0,0.0,4.0,1.0,2455.0,8.0,0.0,0.0,1.0
1.0,3.0,1.0,3.0,0.0,2.0,8.0,33.0,3.0,0.0,4.0,0.0,7104.0,5.0,0.0,0.0,1.0
0.0,1.0,1.0,4.0,0.0,1.0,9.0,41.0,3.0,0.0,4.0,0.0,2238.0,5.0,1.0,0.0,1.0
0.0,1.0,0.0,3.0,0.0,2.0,1.0,31.0,3.0,0.0,1.0,1.0,4148.0,4.0,1.0,0.0,1.0
0.0,4.0,1.0,3.0,0.0,5.0,7.0,39.0,3.0,0.0,2.0,0.0,19272.0,21.0,1.0,0.0,1.0
0.0,4.0,0.0,3.0,1.0,3.0,1.0,37.0,4.0,0.0,3.0,1.0,7491.0,6.0,0.0,0.0,1.0
0.0,3.0,0.0,4.0,0.0,1.0,28.0,35.0,3.0,0.0,4.0,1.0,2430.0,5.0,1.0,0.0,1.0
1.0,4.0,1.0,3.0,0.0,3.0,5.0,27.0,3.0,1.0,1.0,0.0,12808.0,9.0,0.0,0.0,0.0
0.0,3.0,0.0,3.0,0.0,2.0,8.0,32.0,2.0,0.0,2.0,1.0,5175.0,5.0,1.0,0.0,1.0
0.0,3.0,0.0,3.0,0.0,2.0,4.0,24.0,3.0,1.0,1.0,1.0,4162.0,5.0,1.0,0.0,0.0
0.0,3.0,0.0,3.0,0.0,3.0,15.0,40.0,3.0,0.0,3.0,1.0,10435.0,18.0,1.0,0.0,1.0
1.0,2.0,1.0,3.0,0.0,4.0,8.0,55.0,3.0,1.0,1.0,0.0,13577.0,33.0,0.0,0.0,0.0
0.0,2.0,1.0,3.0,1.0,3.0,7.0,52.0,3.0,0.0,4.0,0.0,10445.0,8.0,0.0,0.0,1.0
0.0,3.0,0.0,3.0,0.0,2.0,4.0,39.0,4.0,0.0,4.0,1.0,5902.0,15.0,1.0,0.0,1.0
0.0,3.0,1.0,3.0,0.0,2.0,1.0,31.0,3.0,0.0,4.0,0.0,4345.0,5.0,1.0,0.0,1.0
0.0,3.0,1.0,3.0,0.0,2.0,6.0,31.0,2.0,1.0,4.0,0.0,6172.0,7.0,1.0,1.0,0.0
1.0,2.0,0.0,3.0,0.0,2.0,10.0,40.0,4.0,0.0,3.0,1.0,6852.0,5.0,0.0,0.0,1.0
0.0,3.0,1.0,4.0,1.0,3.0,1.0,30.0,3.0,0.0,1.0,0.0,8474.0,11.0,0.0,0.0,1.0
0.0,1.0,1.0,4.0,0.0,3.0,5.0,40.0,3.0,1.0,4.0,0.0,10475.0,18.0,1.0,0.0,0.0
0.0,3.0,0.0,3.0,0.0,4.0,2.0,47.0,4.0,0.0,4.0,1.0,17169.0,20.0,1.0,0.0,1.0
0.0,3.0,1.0,3.0,1.0,3.0,2.0,39.0,3.0,0.0,5.0,0.0,7880.0,8.0,0.0,0.0,1.0
0.0,1.0,1.0,3.0,0.0,3.0,1.0,46.0,2.0,1.0,3.0,0.0,10673.0,10.0,1.0,0.0,0.0
0.0,3.0,1.0,4.0,1.0,2.0,23.0,34.0,3.0,0.0,4.0,0.0,4568.0,9.0,0.0,0.0,1.0
0.0,2.0,1.0,4.0,1.0,1.0,25.0,33.0,3.0,1.0,3.0,0.0,2313.0,2.0,0.0,1.0,0.0
1.0,4.0,1.0,3.0,0.0,1.0,10.0,33.0,3.0,0.0,1.0,0.0,3408.0,4.0,0.0,0.0,1.0
0.0,4.0,1.0,4.0,1.0,1.0,2.0,19.0,2.0,0.0,3.0,0.0,1102.0,1.0,0.0,1.0,1.0
0.0,3.0,1.0,3.0,0.0,2.0,7.0,45.0,3.0,0.0,4.0,0.0,6434.0,3.0,1.0,0.0,1.0
0.0,4.0,0.0,3.0,0.0,1.0,2.0,44.0,3.0,0.0,1.0,1.0,2011.0,10.0,1.0,0.0,1.0
0.0,4.0,1.0,3.0,0.0,2.0,13.0,37.0,3.0,0.0,3.0,0.0,4285.0,10.0,1.0,0.0,1.0
1.0,1.0,1.0,4.0,0.0,3.0,10.0,27.0,2.0,0.0,2.0,0.0,8793.0,9.0,0.0,0.0,1.0
1.0,4.0,1.0,3.0,0.0,3.0,9.0,34.0,2.0,0.0,3.0,0.0,8500.0,9.0,0.0,0.0,1.0
0.0,4.0,0.0,3.0,1.0,1.0,2.0,52.0,2.0,0.0,3.0,1.0,3212.0,2.0,0.0,0.0,1.0
0.0,3.0,0.0,3.0,1.0,2.0,20.0,54.0,2.0,0.0,4.0,1.0,4869.0,4.0,0.0,0.0,1.0
0.0,3.0,1.0,3.0,0.0,1.0,6.0,35.0,3.0,1.0,1.0,0.0,3506.0,3.0,1.0,0.0,0.0
0.0,4.0,1.0,3.0,0.0,2.0,2.0,30.0,3.0,0.0,3.0,0.0,4152.0,11.0,1.0,0.0,1.0
0.0,4.0,0.0,3.0,0.0,1.0,6.0,36.0,3.0,0.0,3.0,1.0,3038.0,1.0,1.0,0.0,1.0
0.0,3.0,1.0,3.0,0.0,1.0,15.0,31.0,2.0,0.0,3.0,0.0,2610.0,2.0,1.0,0.0,1.0
0.0,1.0,1.0,3.0,1.0,2.0,29.0,26.0,3.0,0.0,2.0,0.0,4969.0,2.0,0.0,1.0,1.0
0.0,4.0,1.0,3.0,0.0,1.0,2.0,28.0,3.0,1.0,3.0,0.0,3867.0,2.0,1.0,0.0,0.0
0.0,1.0,1.0,3.0,1.0,2.0,8.0,26.0,2.0,0.0,3.0,0.0,5326.0,4.0,0.0,1.0,1.0
0.0,4.0,1.0,3.0,0.0,1.0,20.0,31.0,3.0,0.0,3.0,0.0,2791.0,2.0,1.0,0.0,1.0
1.0,3.0,1.0,3.0,0.0,1.0,14.0,41.0,3.0,0.0,3.0,0.0,2451.0,9.0,0.0,0.0,1.0
0.0,1.0,1.0,4.0,0.0,1.0,8.0,36.0,3.0,0.0,3.0,0.0,2342.0,5.0,1.0,0.0,1.0
0.0,3.0,1.0,3.0,0.0,3.0,1.0,37.0,1.0,0.0,4.0,0.0,10609.0,14.0,1.0,1.0,1.0
0.0,4.0,1.0,4.0,0.0,2.0,1.0,40.0,2.0,1.0,2.0,0.0,7457.0,4.0,1.0,0.0,0.0
1.0,4.0,1.0,4.0,0.0,4.0,1.0,50.0,2.0,0.0,2.0,0.0,17399.0,5.0,0.0,0.0,1.0
1.0,2.0,1.0,3.0,0.0,1.0,5.0,32.0,2.0,1.0,2.0,0.0,3298.0,6.0,0.0,0.0,0.0
1.0,3.0,0.0,3.0,0.0,1.0,1.0,29.0,3.0,1.0,3.0,1.0,2800.0,3.0,0.0,1.0,0.0
0.0,4.0,0.0,3.0,0.0,2.0,10.0,27.0,3.0,1.0,3.0,1.0,5769.0,6.0,1.0,0.0,0.0
0.0,4.0,1.0,3.0,0.0,1.0,1.0,34.0,2.0,0.0,5.0,0.0,2691.0,10.0,1.0,0.0,1.0
0.0,4.0,0.0,3.0,1.0,4.0,23.0,42.0,3.0,0.0,5.0,1.0,15992.0,1.0,0.0,0.0,1.0
0.0,2.0,1.0,3.0,0.0,2.0,5.0,32.0,3.0,0.0,2.0,0.0,6524.0,10.0,1.0,0.0,1.0
1.0,4.0,1.0,4.0,0.0,2.0,7.0,31.0,2.0,0.0,4.0,0.0,5915.0,7.0,0.0,0.0,1.0
0.0,3.0,1.0,4.0,0.0,2.0,6.0,53.0,1.0,1.0,2.0,0.0,2306.0,7.0,1.0,0.0,0.0
0.0,1.0,0.0,4.0,1.0,3.0,1.0,51.0,2.0,0.0,4.0,1.0,7484.0,13.0,0.0,0.0,1.0
1.0,3.0,0.0,3.0,0.0,2.0,8.0,43.0,3.0,1.0,4.0,1.0,4522.0,5.0,0.0,0.0,0.0
0.0,4.0,0.0,3.0,0.0,1.0,5.0,32.0,3.0,0.0,4.0,1.0,3312.0,3.0,1.0,0.0,1.0
0.0,4.0,1.0,3.0,0.0,1.0,1.0,34.0,3.0,1.0,2.0,0.0,3622.0,6.0,1.0,0.0,0.0
0.0,1.0,1.0,3.0,1.0,1.0,23.0,39.0,3.0,0.0,3.0,0.0,3904.0,5.0,0.0,1.0,1.0
0.0,1.0,1.0,3.0,1.0,3.0,17.0,29.0,2.0,0.0,3.0,0.0,7988.0,10.0,0.0,0.0,1.0
0.0,1.0,1.0,3.0,0.0,2.0,7.0,33.0,3.0,0.0,3.0,0.0,4373.0,4.0,1.0,0.0,1.0
0.0,3.0,1.0,3.0,0.0,4.0,29.0,50.0,3.0,0.0,4.0,0.0,17046.0,27.0,1.0,0.0,1.0
0.0,1.0,1.0,3.0,0.0,4.0,3.0,52.0,4.0,0.0,4.0,0.0,16856.0,34.0,1.0,0.0,1.0
1.0,3.0,1.0,3.0,0.0,4.0,2.0,53.0,4.0,0.0,2.0,0.0,14852.0,17.0,0.0,0.0,1.0
0.0,4.0,0.0,3.0,0.0,2.0,6.0,30.0,3.0,0.0,3.0,1.0,4627.0,9.0,1.0,0.0,1.0
0.0,3.0,0.0,3.0,0.0,3.0,2.0,54.0,3.0,0.0,4.0,1.0,10686.0,9.0,1.0,0.0,1.0
0.0,3.0,0.0,3.0,1.0,1.0,17.0,27.0,3.0,1.0,4.0,1.0,2394.0,8.0,0.0,1.0,0.0
1.0,3.0,0.0,3.0,0.0,1.0,7.0,29.0,3.0,1.0,3.0,1.0,3339.0,7.0,0.0,1.0,0.0
0.0,2.0,1.0,3.0,0.0,1.0,2.0,30.0,3.0,0.0,1.0,0.0,2476.0,1.0,1.0,0.0,1.0
0.0,1.0,1.0,3.0,1.0,1.0,6.0,41.0,3.0,1.0,3.0,0.0,4721.0,18.0,0.0,0.0,0.0
0.0,2.0,0.0,3.0,1.0,2.0,2.0,36.0,3.0,1.0,4.0,1.0,5410.0,16.0,0.0,0.0,0.0
0.0,4.0,1.0,3.0,1.0,1.0,24.0,26.0,1.0,1.0,3.0,0.0,2340.0,1.0,0.0,1.0,0.0
0.0,4.0,0.0,3.0,1.0,2.0,1.0,38.0,2.0,0.0,4.0,1.0,7625.0,9.0,0.0,0.0,1.0
1.0,3.0,1.0,3.0,0.0,1.0,4.0,27.0,3.0,0.0,2.0,0.0,2517.0,5.0,0.0,0.0,1.0
0.0,3.0,1.0,3.0,0.0,3.0,7.0,33.0,4.0,0.0,3.0,0.0,11691.0,13.0,1.0,0.0,1.0
0.0,3.0,1.0,3.0,0.0,1.0,1.0,38.0,4.0,0.0,3.0,0.0,2844.0,7.0,1.0,0.0,1.0
0.0,4.0,1.0,3.0,0.0,1.0,4.0,35.0,4.0,0.0,4.0,0.0,2376.0,2.0,1.0,0.0,1.0
0.0,3.0,0.0,3.0,1.0,2.0,9.0,43.0,2.0,0.0,3.0,1.0,5346.0,4.0,0.0,1.0,1.0
0.0,3.0,1.0,3.0,1.0,2.0,2.0,45.0,3.0,0.0,2.0,0.0,6632.0,8.0,0.0,0.0,1.0
0.0,1.0,1.0,3.0,1.0,2.0,2.0,32.0,3.0,0.0,1.0,0.0,2176.0,6.0,0.0,0.0,1.0
0.0,2.0,0.0,3.0,1.0,1.0,3.0,19.0,3.0,0.0,1.0,1.0,1483.0,1.0,0.0,0.0,1.0
0.0,3.0,1.0,3.0,0.0,4.0,2.0,50.0,3.0,0.0,3.0,0.0,17639.0,4.0,1.0,0.0,1.0
0.0,4.0,1.0,3.0,1.0,2.0,19.0,34.0,2.0,1.0,3.0,0.0,5304.0,5.0,0.0,1.0,0.0
1.0,1.0,1.0,3.0,0.0,2.0,19.0,41.0,2.0,0.0,2.0,0.0,3072.0,1.0,0.0,0.0,1.0
1.0,3.0,0.0,3.0,0.0,4.0,8.0,55.0,3.0,1.0,3.0,1.0,14756.0,5.0,0.0,0.0,0.0
0.0,1.0,0.0,3.0,1.0,2.0,9.0,33.0,3.0,1.0,4.0,1.0,8224.0,5.0,0.0,1.0,0.0
0.0,3.0,1.0,3.0,0.0,1.0,3.0,50.0,3.0,1.0,2.0,0.0,2683.0,3.0,1.0,1.0,0.0
0.0,3.0,1.0,3.0,1.0,1.0,10.0,29.0,3.0,0.0,3.0,0.0,2642.0,1.0,0.0,0.0,1.0
0.0,4.0,1.0,4.0,1.0,5.0,9.0,42.0,3.0,0.0,2.0,0.0,19613.0,1.0,0.0,0.0,1.0
1.0,1.0,1.0,3.0,0.0,2.0,7.0,48.0,3.0,0.0,3.0,0.0,5486.0,2.0,0.0,0.0,1.0
1.0,4.0,1.0,3.0,0.0,2.0,9.0,32.0,4.0,0.0,2.0,0.0,4668.0,8.0,0.0,0.0,1.0
0.0,2.0,0.0,3.0,0.0,1.0,4.0,33.0,3.0,0.0,4.0,1.0,3838.0,5.0,1.0,0.0,1.0
1.0,4.0,1.0,3.0,0.0,1.0,26.0,23.0,2.0,0.0,1.0,0.0,2904.0,4.0,0.0,0.0,1.0
1.0,4.0,1.0,3.0,0.0,2.0,7.0,29.0,3.0,1.0,3.0,0.0,6623.0,6.0,0.0,0.0,0.0
0.0,3.0,1.0,3.0,0.0,1.0,3.0,38.0,3.0,0.0,4.0,0.0,2821.0,2.0,1.0,0.0,1.0
1.0,3.0,1.0,3.0,0.0,2.0,16.0,37.0,3.0,0.0,4.0,0.0,6334.0,1.0,0.0,0.0,1.0
0.0,2.0,0.0,3.0,1.0,4.0,3.0,51.0,3.0,0.0,3.0,1.0,13734.0,7.0,0.0,0.0,1.0
0.0,4.0,1.0,3.0,0.0,5.0,4.0,42.0,3.0,0.0,2.0,0.0,19232.0,22.0,1.0,0.0,1.0
0.0,3.0,1.0,3.0,0.0,1.0,8.0,27.0,3.0,0.0,5.0,0.0,4621.0,3.0,1.0,0.0,1.0
0.0,4.0,1.0,3.0,0.0,2.0,29.0,38.0,1.0,0.0,3.0,0.0,6261.0,7.0,1.0,0.0,1.0
0.0,3.0,0.0,3.0,1.0,2.0,15.0,29.0,3.0,1.0,2.0,1.0,4193.0,9.0,0.0,0.0,0.0
0.0,3.0,0.0,3.0,0.0,2.0,18.0,35.0,2.0,1.0,4.0,1.0,4614.0,4.0,1.0,1.0,0.0
1.0,4.0,0.0,4.0,0.0,4.0,11.0,54.0,3.0,0.0,4.0,1.0,16032.0,14.0,0.0,0.0,1.0
0.0,4.0,1.0,3.0,0.0,5.0,3.0,44.0,4.0,1.0,4.0,0.0,19513.0,2.0,1.0,0.0,0.0
0.0,1.0,1.0,3.0,0.0,2.0,3.0,25.0,3.0,1.0,1.0,0.0,4194.0,5.0,1.0,0.0,0.0
0.0,3.0,0.0,3.0,0.0,2.0,4.0,32.0,3.0,0.0,3.0,1.0,6162.0,14.0,1.0,0.0,1.0
0.0,2.0,0.0,3.0,0.0,1.0,25.0,29.0,4.0,0.0,5.0,1.0,2546.0,2.0,1.0,1.0,1.0
1.0,2.0,1.0,3.0,0.0,1.0,10.0,34.0,3.0,0.0,3.0,0.0,2008.0,1.0,0.0,0.0,1.0
0.0,4.0,0.0,3.0,0.0,1.0,5.0,33.0,2.0,0.0,4.0,1.0,2911.0,2.0,1.0,0.0,1.0
0.0,3.0,1.0,3.0,0.0,2.0,28.0,35.0,2.0,0.0,3.0,0.0,3407.0,10.0,1.0,0.0,1.0
0.0,2.0,1.0,3.0,0.0,1.0,2.0,27.0,3.0,0.0,1.0,0.0,3468.0,2.0,1.0,0.0,1.0
0.0,3.0,0.0,3.0,0.0,1.0,2.0,36.0,3.0,0.0,3.0,1.0,2543.0,2.0,1.0,0.0,1.0
1.0,2.0,1.0,3.0,0.0,1.0,9.0,24.0,3.0,0.0,3.0,0.0,2694.0,1.0,0.0,0.0,1.0
0.0,2.0,1.0,3.0,0.0,3.0,16.0,35.0,2.0,0.0,3.0,0.0,8020.0,11.0,1.0,0.0,1.0
0.0,3.0,0.0,3.0,0.0,2.0,8.0,35.0,3.0,0.0,4.0,1.0,4148.0,14.0,1.0,0.0,1.0
0.0,2.0,1.0,4.0,1.0,1.0,24.0,24.0,3.0,0.0,3.0,0.0,3597.0,4.0,0.0,0.0,1.0
0.0,4.0,0.0,3.0,1.0,1.0,18.0,36.0,3.0,0.0,1.0,1.0,2153.0,8.0,0.0,0.0,1.0
0.0,1.0,0.0,4.0,1.0,1.0,9.0,32.0,4.0,0.0,3.0,1.0,4200.0,5.0,0.0,1.0,1.0
0.0,4.0,1.0,3.0,0.0,2.0,1.0,36.0,2.0,1.0,2.0,0.0,6201.0,18.0,1.0,0.0,0.0
1.0,2.0,1.0,3.0,0.0,1.0,16.0,26.0,3.0,1.0,4.0,0.0,2373.0,3.0,0.0,1.0,0.0
0.0,4.0,1.0,4.0,0.0,1.0,2.0,38.0,3.0,1.0,2.0,0.0,1702.0,1.0,1.0,0.0,0.0
0.0,3.0,1.0,3.0,1.0,1.0,5.0,44.0,3.0,0.0,3.0,0.0,3162.0,5.0,0.0,0.0,1.0
0.0,3.0,1.0,3.0,0.0,2.0,7.0,32.0,2.0,0.0,3.0,0.0,5484.0,13.0,1.0,0.0,1.0
1.0,3.0,0.0,3.0,0.0,4.0,1.0,33.0,3.0,0.0,5.0,1.0,16184.0,6.0,0.0,0.0,1.0
1.0,4.0,1.0,3.0,0.0,2.0,8.0,36.0,3.0,0.0,4.0,0.0,5079.0,7.0,0.0,0.0,1.0
1.0,2.0,1.0,3.0,0.0,3.0,8.0,40.0,3.0,0.0,1.0,0.0,13757.0,9.0,0.0,0.0,1.0
1.0,4.0,0.0,3.0,0.0,1.0,1.0,29.0,3.0,0.0,3.0,1.0,3760.0,3.0,0.0,0.0,1.0
0.0,4.0,1.0,3.0,0.0,1.0,2.0,28.0,2.0,1.0,4.0,0.0,3464.0,3.0,1.0,1.0,0.0
1.0,1.0,0.0,3.0,0.0,1.0,2.0,27.0,3.0,0.0,4.0,1.0,2341.0,1.0,0.0,0.0,1.0
1.0,3.0,1.0,4.0,0.0,1.0,23.0,30.0,2.0,0.0,3.0,0.0,2613.0,10.0,0.0,0.0,1.0
1.0,3.0,0.0,3.0,0.0,1.0,1.0,26.0,3.0,0.0,1.0,1.0,2007.0,5.0,0.0,0.0,1.0
1.0,1.0,1.0,3.0,0.0,4.0,15.0,34.0,2.0,0.0,3.0,0.0,17007.0,14.0,0.0,0.0,1.0
0.0,4.0,1.0,3.0,0.0,4.0,3.0,54.0,3.0,0.0,3.0,0.0,17779.0,10.0,1.0,0.0,1.0
1.0,4.0,1.0,4.0,0.0,1.0,10.0,35.0,2.0,0.0,3.0,0.0,3917.0,3.0,0.0,0.0,1.0
0.0,4.0,0.0,3.0,1.0,3.0,16.0,40.0,2.0,1.0,3.0,1.0,7945.0,4.0,0.0,0.0,0.0
0.0,3.0,0.0,3.0,0.0,2.0,25.0,37.0,3.0,1.0,5.0,1.0,4449.0,13.0,1.0,0.0,0.0
1.0,4.0,1.0,3.0,0.0,1.0,16.0,22.0,2.0,1.0,2.0,0.0,2935.0,1.0,0.0,0.0,0.0
0.0,1.0,1.0,3.0,1.0,3.0,8.0,36.0,3.0,0.0,4.0,0.0,7587.0,10.0,0.0,0.0,1.0
0.0,3.0,1.0,3.0,1.0,1.0,2.0,28.0,2.0,0.0,4.0,0.0,4382.0,2.0,0.0,0.0,1.0
0.0,3.0,1.0,4.0,1.0,1.0,6.0,32.0,3.0,0.0,5.0,0.0,3038.0,5.0,0.0,0.0,1.0
0.0,4.0,0.0,4.0,1.0,1.0,2.0,40.0,2.0,1.0,1.0,1.0,2342.0,4.0,0.0,0.0,0.0
0.0,3.0,1.0,3.0,0.0,1.0,9.0,29.0,2.0,0.0,3.0,0.0,2451.0,1.0,1.0,0.0,1.0
1.0,4.0,1.0,3.0,0.0,2.0,13.0,32.0,2.0,0.0,4.0,0.0,4403.0,5.0,0.0,0.0,1.0
0.0,3.0,0.0,3.0,0.0,2.0,12.0,36.0,3.0,1.0,4.0,1.0,4663.0,3.0,1.0,0.0,0.0
0.0,1.0,0.0,3.0,0.0,4.0,1.0,48.0,1.0,0.0,4.0,1.0,15402.0,3.0,1.0,0.0,1.0
0.0,1.0,1.0,3.0,1.0,1.0,3.0,29.0,3.0,1.0,1.0,0.0,4723.0,10.0,0.0,0.0,0.0
0.0,3.0,0.0,3.0,0.0,2.0,20.0,31.0,2.0,0.0,2.0,1.0,6932.0,9.0,1.0,0.0,1.0
0.0,4.0,0.0,3.0,0.0,4.0,28.0,44.0,3.0,1.0,3.0,1.0,13320.0,12.0,1.0,0.0,0.0
0.0,3.0,0.0,3.0,0.0,2.0,20.0,31.0,3.0,1.0,3.0,1.0,4559.0,2.0,1.0,1.0,0.0
0.0,4.0,0.0,3.0,1.0,3.0,14.0,29.0,3.0,1.0,1.0,1.0,7553.0,8.0,0.0,1.0,0.0
1.0,1.0,1.0,3.0,0.0,3.0,1.0,46.0,3.0,0.0,4.0,0.0,9396.0,4.0,0.0,0.0,1.0
0.0,3.0,0.0,4.0,0.0,1.0,25.0,26.0,3.0,0.0,1.0,1.0,2942.0,8.0,1.0,0.0,1.0
0.0,4.0,1.0,4.0,1.0,2.0,29.0,44.0,3.0,0.0,4.0,0.0,4541.0,20.0,0.0,0.0,1.0
0.0,3.0,0.0,3.0,1.0,2.0,4.0,39.0,1.0,0.0,3.0,1.0,5042.0,9.0,0.0,0.0,1.0
0.0,4.0,1.0,4.0,0.0,2.0,1.0,32.0,3.0,1.0,3.0,0.0,6162.0,9.0,1.0,0.0,0.0
0.0,3.0,1.0,3.0,1.0,1.0,1.0,28.0,2.0,1.0,4.0,0.0,2154.0,4.0,0.0,1.0,0.0
0.0,4.0,1.0,3.0,1.0,1.0,5.0,21.0,3.0,0.0,1.0,0.0,3117.0,2.0,0.0,0.0,1.0
0.0,2.0,1.0,3.0,1.0,3.0,2.0,38.0,3.0,0.0,2.0,0.0,7351.0,1.0,0.0,0.0,1.0
0.0,1.0,1.0,3.0,1.0,2.0,14.0,47.0,3.0,0.0,4.0,0.0,4960.0,7.0,0.0,0.0,1.0
0.0,2.0,1.0,4.0,0.0,1.0,19.0,37.0,3.0,0.0,2.0,0.0,3022.0,1.0,1.0,0.0,1.0
0.0,3.0,0.0,3.0,0.0,5.0,4.0,40.0,3.0,0.0,1.0,1.0,19033.0,20.0,1.0,0.0,1.0
0.0,3.0,1.0,3.0,0.0,3.0,3.0,52.0,3.0,1.0,3.0,0.0,7969.0,5.0,1.0,0.0,0.0
0.0,3.0,1.0,3.0,0.0,2.0,29.0,34.0,3.0,0.0,3.0,0.0,5429.0,8.0,1.0,0.0,1.0
0.0,2.0,1.0,3.0,0.0,3.0,2.0,51.0,3.0,0.0,3.0,0.0,10596.0,4.0,1.0,0.0,1.0
0.0,2.0,0.0,3.0,0.0,5.0,4.0,46.0,3.0,0.0,2.0,1.0,18789.0,11.0,1.0,0.0,1.0
0.0,1.0,0.0,3.0,0.0,2.0,3.0,32.0,4.0,0.0,4.0,1.0,6725.0,8.0,1.0,0.0,1.0
0.0,2.0,1.0,4.0,0.0,1.0,1.0,30.0,3.0,1.0,3.0,0.0,3579.0,11.0,1.0,0.0,0.0
0.0,3.0,1.0,3.0,1.0,1.0,22.0,35.0,3.0,0.0,3.0,0.0,4230.0,5.0,0.0,0.0,1.0
0.0,4.0,1.0,4.0,0.0,2.0,23.0,31.0,3.0,0.0,3.0,0.0,5582.0,9.0,1.0,0.0,1.0
0.0,2.0,0.0,3.0,1.0,1.0,12.0,21.0,3.0,0.0,3.0,1.0,2716.0,1.0,0.0,1.0,1.0
0.0,3.0,1.0,3.0,0.0,3.0,2.0,36.0,3.0,0.0,2.0,0.0,7596.0,10.0,1.0,0.0,1.0
1.0,3.0,0.0,3.0,0.0,2.0,11.0,24.0,2.0,0.0,2.0,1.0,4011.0,4.0,0.0,0.0,1.0
1.0,1.0,1.0,3.0,0.0,1.0,1.0,34.0,3.0,0.0,4.0,0.0,2996.0,4.0,0.0,0.0,1.0
0.0,4.0,0.0,3.0,0.0,1.0,2.0,35.0,3.0,0.0,3.0,1.0,2014.0,2.0,1.0,0.0,1.0
0.0,3.0,1.0,3.0,1.0,1.0,22.0,19.0,2.0,1.0,1.0,0.0,1675.0,0.0,0.0,1.0,0.0
1.0,4.0,1.0,3.0,0.0,4.0,29.0,57.0,2.0,0.0,3.0,0.0,14118.0,1.0,0.0,0.0,1.0
0.0,1.0,1.0,3.0,0.0,1.0,3.0,25.0,3.0,0.0,3.0,0.0,4031.0,2.0,1.0,1.0,1.0
0.0,4.0,0.0,3.0,1.0,2.0,29.0,38.0,3.0,0.0,5.0,1.0,2406.0,10.0,0.0,0.0,1.0
0.0,1.0,0.0,3.0,0.0,4.0,2.0,41.0,3.0,0.0,5.0,1.0,16595.0,18.0,1.0,0.0,1.0
1.0,4.0,0.0,3.0,0.0,2.0,2.0,47.0,3.0,0.0,2.0,1.0,5070.0,5.0,0.0,0.0,1.0
0.0,4.0,0.0,3.0,1.0,1.0,25.0,19.0,3.0,1.0,3.0,1.0,2994.0,1.0,0.0,0.0,0.0
0.0,2.0,1.0,3.0,0.0,5.0,15.0,46.0,3.0,0.0,2.0,0.0,19081.0,4.0,1.0,0.0,1.0
0.0,1.0,1.0,3.0,0.0,3.0,1.0,44.0,3.0,0.0,2.0,0.0,10482.0,20.0,1.0,0.0,1.0
0.0,1.0,0.0,3.0,1.0,2.0,2.0,34.0,3.0,1.0,3.0,1.0,4538.0,3.0,0.0,0.0,0.0
0.0,2.0,1.0,3.0,1.0,2.0,10.0,37.0,2.0,1.0,4.0,0.0,4197.0,1.0,0.0,0.0,0.0
0.0,2.0,0.0,3.0,1.0,5.0,11.0,50.0,3.0,0.0,3.0,1.0,19926.0,5.0,0.0,0.0,1.0
0.0,4.0,0.0,3.0,0.0,2.0,1.0,35.0,3.0,0.0,3.0,1.0,5363.0,9.0,1.0,0.0,1.0
0.0,4.0,0.0,3.0,0.0,4.0,11.0,45.0,4.0,0.0,2.0,1.0,17650.0,9.0,1.0,0.0,1.0
0.0,4.0,1.0,3.0,0.0,1.0,9.0,33.0,3.0,0.0,3.0,0.0,2781.0,14.0,1.0,0.0,1.0
0.0,3.0,0.0,4.0,0.0,2.0,3.0,24.0,2.0,0.0,2.0,1.0,4999.0,3.0,1.0,0.0,1.0
0.0,1.0,0.0,3.0,1.0,1.0,3.0,30.0,3.0,1.0,3.0,1.0,2657.0,5.0,0.0,1.0,0.0
1.0,4.0,1.0,3.0,0.0,3.0,24.0,57.0,1.0,1.0,2.0,0.0,9439.0,5.0,0.0,0.0,0.0
0.0,3.0,1.0,3.0,0.0,1.0,10.0,23.0,3.0,0.0,3.0,0.0,2073.0,2.0,1.0,0.0,1.0
0.0,2.0,0.0,3.0,0.0,2.0,8.0,27.0,3.0,0.0,4.0,1.0,6214.0,8.0,1.0,0.0,1.0
1.0,4.0,1.0,3.0,0.0,2.0,10.0,34.0,3.0,0.0,4.0,0.0,4724.0,9.0,0.0,0.0,1.0
1.0,3.0,1.0,3.0,0.0,5.0,2.0,40.0,3.0,0.0,2.0,0.0,19436.0,21.0,0.0,0.0,1.0
0.0,1.0,1.0,3.0,1.0,1.0,1.0,32.0,3.0,0.0,1.0,0.0,2956.0,1.0,0.0,0.0,1.0
0.0,3.0,0.0,3.0,1.0,1.0,10.0,18.0,3.0,0.0,3.0,1.0,1200.0,0.0,0.0,1.0,1.0
1.0,1.0,1.0,3.0,0.0,2.0,12.0,38.0,2.0,0.0,3.0,0.0,6288.0,4.0,0.0,0.0,1.0
0.0,3.0,0.0,3.0,0.0,2.0,18.0,35.0,3.0,0.0,3.0,1.0,4601.0,5.0,1.0,0.0,1.0
1.0,4.0,0.0,3.0,0.0,2.0,2.0,45.0,3.0,0.0,2.0,1.0,5770.0,10.0,0.0,0.0,1.0
0.0,4.0,1.0,3.0,0.0,4.0,20.0,45.0,3.0,1.0,2.0,0.0,13496.0,20.0,1.0,0.0,0.0
0.0,4.0,0.0,3.0,0.0,2.0,14.0,51.0,2.0,0.0,2.0,1.0,4936.0,7.0,1.0,0.0,1.0
0.0,4.0,0.0,3.0,0.0,1.0,6.0,29.0,3.0,0.0,1.0,1.0,3131.0,10.0,1.0,0.0,1.0
0.0,3.0,0.0,3.0,0.0,3.0,2.0,38.0,4.0,1.0,2.0,1.0,7756.0,5.0,1.0,0.0,0.0
0.0,4.0,0.0,3.0,0.0,3.0,7.0,53.0,3.0,1.0,2.0,1.0,10934.0,5.0,1.0,0.0,0.0
0.0,3.0,1.0,3.0,1.0,1.0,2.0,28.0,1.0,0.0,4.0,0.0,3485.0,0.0,0.0,1.0,1.0
0.0,1.0,0.0,3.0,0.0,4.0,28.0,50.0,3.0,1.0,3.0,1.0,16880.0,3.0,1.0,0.0,0.0
0.0,4.0,1.0,3.0,0.0,2.0,5.0,33.0,4.0,0.0,1.0,0.0,9998.0,5.0,1.0,0.0,1.0
1.0,3.0,0.0,3.0,0.0,3.0,8.0,36.0,3.0,0.0,3.0,1.0,10096.0,17.0,0.0,0.0,1.0
0.0,2.0,0.0,3.0,1.0,3.0,16.0,35.0,1.0,0.0,3.0,1.0,8606.0,11.0,0.0,0.0,1.0
0.0,2.0,1.0,3.0,1.0,2.0,25.0,33.0,3.0,0.0,3.0,0.0,4320.0,5.0,0.0,0.0,1.0
0.0,4.0,0.0,3.0,0.0,2.0,28.0,42.0,4.0,0.0,4.0,1.0,4523.0,6.0,1.0,0.0,1.0
0.0,3.0,1.0,3.0,1.0,2.0,4.0,35.0,3.0,1.0,4.0,0.0,4249.0,9.0,0.0,0.0,0.0
0.0,1.0,1.0,3.0,0.0,3.0,10.0,35.0,3.0,0.0,3.0,0.0,10306.0,13.0,1.0,0.0,1.0
0.0,2.0,0.0,3.0,0.0,1.0,13.0,24.0,3.0,0.0,2.0,1.0,2033.0,1.0,1.0,0.0,1.0
0.0,4.0,1.0,3.0,0.0,3.0,1.0,59.0,1.0,1.0,2.0,0.0,11904.0,6.0,1.0,0.0,0.0
0.0,1.0,0.0,4.0,1.0,2.0,1.0,53.0,4.0,0.0,1.0,1.0,8381.0,14.0,0.0,0.0,1.0
0.0,4.0,1.0,3.0,1.0,1.0,15.0,21.0,3.0,0.0,2.0,0.0,1232.0,0.0,0.0,0.0,1.0
0.0,2.0,1.0,3.0,1.0,2.0,4.0,44.0,2.0,0.0,3.0,0.0,5933.0,5.0,0.0,0.0,1.0
0.0,3.0,1.0,3.0,0.0,3.0,6.0,39.0,3.0,0.0,3.0,0.0,8237.0,7.0,1.0,0.0,1.0
1.0,3.0,0.0,3.0,0.0,5.0,5.0,53.0,2.0,0.0,3.0,1.0,19094.0,14.0,0.0,0.0,1.0
0.0,1.0,1.0,3.0,0.0,2.0,20.0,30.0,2.0,0.0,3.0,0.0,9957.0,6.0,1.0,0.0,1.0
0.0,4.0,0.0,3.0,0.0,2.0,3.0,42.0,2.0,1.0,3.0,1.0,5231.0,5.0,1.0,0.0,0.0
0.0,1.0,0.0,3.0,1.0,1.0,1.0,46.0,4.0,0.0,2.0,1.0,3423.0,7.0,0.0,0.0,1.0
1.0,2.0,1.0,3.0,0.0,3.0,2.0,35.0,4.0,0.0,3.0,0.0,10274.0,7.0,0.0,0.0,1.0
0.0,1.0,1.0,3.0,0.0,2.0,17.0,35.0,3.0,1.0,4.0,0.0,8966.0,7.0,1.0,0.0,0.0
0.0,3.0,0.0,3.0,0.0,4.0,6.0,49.0,3.0,1.0,1.0,1.0,13966.0,15.0,1.0,0.0,0.0
1.0,1.0,0.0,3.0,0.0,3.0,21.0,29.0,3.0,0.0,4.0,1.0,9980.0,10.0,0.0,0.0,1.0
0.0,3.0,1.0,4.0,0.0,1.0,1.0,23.0,3.0,0.0,2.0,0.0,1223.0,1.0,1.0,0.0,1.0
1.0,2.0,0.0,3.0,0.0,4.0,13.0,39.0,3.0,1.0,4.0,1.0,17123.0,19.0,0.0,0.0,0.0
0.0,3.0,1.0,3.0,0.0,3.0,3.0,29.0,3.0,0.0,4.0,0.0,11935.0,10.0,1.0,0.0,1.0
0.0,2.0,0.0,3.0,0.0,1.0,17.0,24.0,1.0,0.0,2.0,1.0,2210.0,1.0,1.0,1.0,1.0
0.0,3.0,1.0,3.0,0.0,2.0,4.0,28.0,4.0,0.0,3.0,0.0,4221.0,5.0,1.0,0.0,1.0
0.0,4.0,1.0,3.0,1.0,3.0,18.0,59.0,2.0,0.0,4.0,0.0,10512.0,9.0,0.0,0.0,1.0
0.0,2.0,1.0,3.0,1.0,2.0,9.0,39.0,2.0,0.0,3.0,0.0,6782.0,5.0,0.0,0.0,1.0
0.0,1.0,0.0,3.0,0.0,3.0,23.0,29.0,1.0,0.0,1.0,1.0,7336.0,11.0,1.0,1.0,1.0
0.0,3.0,1.0,3.0,1.0,2.0,2.0,27.0,3.0,1.0,3.0,0.0,4478.0,5.0,0.0,0.0,0.0
0.0,2.0,0.0,3.0,1.0,1.0,5.0,27.0,2.0,1.0,3.0,1.0,2478.0,4.0,0.0,0.0,0.0
0.0,4.0,1.0,3.0,0.0,4.0,9.0,56.0,2.0,0.0,3.0,0.0,11103.0,10.0,1.0,0.0,1.0
0.0,2.0,1.0,3.0,0.0,3.0,19.0,54.0,4.0,0.0,4.0,0.0,10725.0,9.0,1.0,0.0,1.0
1.0,4.0,1.0,3.0,0.0,3.0,9.0,46.0,4.0,0.0,3.0,0.0,10096.0,7.0,0.0,0.0,1.0
0.0,1.0,0.0,3.0,1.0,2.0,24.0,31.0,3.0,0.0,3.0,1.0,6812.0,10.0,0.0,0.0,1.0
0.0,4.0,1.0,3.0,1.0,2.0,2.0,55.0,2.0,0.0,1.0,0.0,5160.0,9.0,0.0,0.0,1.0
0.0,2.0,1.0,3.0,1.0,3.0,5.0,52.0,2.0,1.0,3.0,0.0,8446.0,8.0,0.0,1.0,0.0
0.0,3.0,1.0,3.0,0.0,3.0,20.0,31.0,3.0,0.0,3.0,0.0,9824.0,1.0,1.0,1.0,1.0
1.0,4.0,1.0,3.0,0.0,1.0,19.0,34.0,3.0,0.0,2.0,0.0,2661.0,2.0,0.0,0.0,1.0
0.0,1.0,1.0,3.0,1.0,2.0,16.0,28.0,3.0,0.0,2.0,0.0,5661.0,8.0,0.0,0.0,1.0
0.0,4.0,1.0,3.0,1.0,1.0,2.0,27.0,2.0,0.0,3.0,0.0,2580.0,4.0,0.0,0.0,1.0
0.0,3.0,1.0,3.0,1.0,3.0,7.0,37.0,4.0,0.0,4.0,0.0,13664.0,5.0,0.0,0.0,1.0
0.0,1.0,1.0,3.0,0.0,2.0,1.0,32.0,2.0,0.0,4.0,0.0,4087.0,6.0,1.0,0.0,1.0
0.0,2.0,0.0,3.0,0.0,2.0,1.0,36.0,3.0,0.0,3.0,1.0,5228.0,9.0,1.0,0.0,1.0
0.0,1.0,0.0,4.0,0.0,2.0,3.0,49.0,3.0,0.0,2.0,1.0,4789.0,3.0,1.0,0.0,1.0
0.0,4.0,0.0,4.0,0.0,5.0,2.0,59.0,3.0,0.0,4.0,1.0,18844.0,3.0,1.0,0.0,1.0
0.0,4.0,0.0,3.0,0.0,2.0,23.0,26.0,2.0,1.0,3.0,1.0,4157.0,2.0,1.0,1.0,0.0
0.0,2.0,0.0,3.0,1.0,3.0,7.0,34.0,3.0,0.0,4.0,1.0,11994.0,12.0,0.0,0.0,1.0
0.0,4.0,1.0,3.0,1.0,2.0,4.0,26.0,3.0,1.0,4.0,0.0,5828.0,8.0,0.0,1.0,0.0
0.0,3.0,1.0,3.0,0.0,2.0,1.0,26.0,3.0,0.0,3.0,0.0,5296.0,8.0,1.0,0.0,1.0
0.0,1.0,0.0,3.0,0.0,2.0,8.0,34.0,3.0,0.0,2.0,1.0,6500.0,3.0,1.0,0.0,1.0
0.0,4.0,0.0,3.0,1.0,3.0,12.0,50.0,3.0,0.0,3.0,1.0,9208.0,2.0,0.0,0.0,1.0
0.0,3.0,1.0,3.0,0.0,2.0,2.0,34.0,2.0,0.0,1.0,0.0,9547.0,10.0,1.0,0.0,1.0
0.0,3.0,0.0,3.0,0.0,2.0,25.0,33.0,2.0,0.0,3.0,1.0,4539.0,10.0,1.0,0.0,1.0
0.0,4.0,1.0,3.0,1.0,2.0,4.0,36.0,2.0,0.0,4.0,0.0,5810.0,10.0,0.0,0.0,1.0
1.0,1.0,0.0,3.0,0.0,1.0,2.0,32.0,3.0,0.0,1.0,1.0,2827.0,1.0,0.0,0.0,1.0
1.0,3.0,0.0,3.0,0.0,1.0,14.0,34.0,3.0,1.0,3.0,1.0,2579.0,8.0,0.0,0.0,0.0
0.0,2.0,0.0,3.0,0.0,2.0,3.0,39.0,1.0,0.0,3.0,1.0,6389.0,8.0,1.0,0.0,1.0
0.0,4.0,1.0,3.0,1.0,2.0,2.0,40.0,3.0,0.0,3.0,0.0,4661.0,9.0,0.0,0.0,1.0
0.0,4.0,1.0,4.0,1.0,2.0,2.0,27.0,3.0,0.0,1.0,0.0,5071.0,6.0,0.0,0.0,1.0
1.0,1.0,0.0,3.0,0.0,2.0,2.0,38.0,3.0,0.0,2.0,1.0,6893.0,7.0,0.0,0.0,1.0
0.0,3.0,0.0,3.0,1.0,1.0,18.0,30.0,2.0,0.0,3.0,1.0,2632.0,5.0,0.0,0.0,1.0
0.0,1.0,1.0,3.0,1.0,2.0,16.0,60.0,3.0,0.0,4.0,0.0,5405.0,2.0,0.0,0.0,1.0
0.0,2.0,0.0,3.0,1.0,1.0,27.0,34.0,3.0,0.0,2.0,1.0,2311.0,3.0,0.0,0.0,1.0
0.0,2.0,0.0,3.0,0.0,3.0,5.0,33.0,3.0,0.0,4.0,1.0,11878.0,10.0,1.0,0.0,1.0
1.0,3.0,1.0,3.0,0.0,1.0,26.0,31.0,2.0,0.0,1.0,0.0,2911.0,5.0,0.0,0.0,1.0
0.0,2.0,0.0,3.0,0.0,2.0,7.0,42.0,3.0,1.0,4.0,1.0,2372.0,1.0,1.0,0.0,0.0
1.0,3.0,0.0,3.0,0.0,2.0,10.0,24.0,4.0,1.0,4.0,1.0,4260.0,5.0,0.0,0.0,0.0
0.0,1.0,1.0,3.0,1.0,1.0,1.0,28.0,2.0,0.0,3.0,0.0,2080.0,3.0,0.0,0.0,1.0
0.0,4.0,1.0,3.0,0.0,2.0,2.0,26.0,3.0,0.0,2.0,0.0,5472.0,8.0,1.0,0.0,1.0
1.0,4.0,0.0,3.0,0.0,1.0,1.0,26.0,3.0,0.0,2.0,1.0,4364.0,2.0,0.0,0.0,1.0
0.0,3.0,1.0,3.0,1.0,2.0,10.0,29.0,3.0,0.0,3.0,0.0,5869.0,5.0,0.0,0.0,1.0
0.0,3.0,1.0,3.0,0.0,2.0,10.0,38.0,3.0,0.0,4.0,0.0,6077.0,6.0,1.0,0.0,1.0
0.0,4.0,1.0,3.0,0.0,1.0,24.0,24.0,3.0,0.0,3.0,0.0,2400.0,2.0,1.0,0.0,1.0
0.0,4.0,1.0,3.0,0.0,1.0,19.0,52.0,3.0,0.0,4.0,0.0,4258.0,4.0,1.0,0.0,1.0
0.0,2.0,0.0,3.0,1.0,5.0,2.0,45.0,3.0,1.0,3.0,1.0,18824.0,24.0,0.0,0.0,0.0
1.0,4.0,0.0,3.0,0.0,4.0,1.0,29.0,2.0,0.0,3.0,1.0,16124.0,7.0,0.0,0.0,1.0
0.0,4.0,0.0,3.0,1.0,2.0,4.0,25.0,3.0,1.0,2.0,1.0,4487.0,5.0,0.0,0.0,0.0
0.0,1.0,1.0,3.0,1.0,3.0,24.0,28.0,2.0,0.0,2.0,0.0,8722.0,10.0,0.0,0.0,1.0
0.0,4.0,0.0,3.0,1.0,4.0,23.0,53.0,3.0,0.0,4.0,1.0,14275.0,12.0,0.0,0.0,1.0
0.0,3.0,0.0,3.0,0.0,2.0,1.0,44.0,2.0,0.0,5.0,1.0,4768.0,1.0,1.0,0.0,1.0
0.0,3.0,1.0,3.0,0.0,2.0,27.0,36.0,2.0,0.0,3.0,0.0,5237.0,7.0,1.0,0.0,1.0
0.0,3.0,1.0,4.0,1.0,3.0,23.0,38.0,3.0,0.0,3.0,0.0,9526.0,9.0,0.0,0.0,1.0
1.0,3.0,0.0,4.0,0.0,1.0,26.0,34.0,3.0,0.0,1.0,1.0,2029.0,5.0,0.0,0.0,1.0
0.0,4.0,0.0,3.0,0.0,2.0,1.0,28.0,3.0,0.0,3.0,1.0,6674.0,9.0,1.0,0.0,1.0
0.0,3.0,1.0,3.0,1.0,5.0,2.0,52.0,4.0,1.0,4.0,0.0,19068.0,33.0,0.0,0.0,0.0
0.0,1.0,1.0,4.0,1.0,2.0,28.0,49.0,3.0,0.0,2.0,0.0,4284.0,4.0,0.0,0.0,1.0
1.0,3.0,1.0,3.0,0.0,3.0,10.0,33.0,3.0,1.0,5.0,0.0,8380.0,9.0,0.0,0.0,0.0
0.0,4.0,1.0,3.0,0.0,2.0,8.0,32.0,4.0,0.0,3.0,0.0,6209.0,10.0,1.0,0.0,1.0
0.0,4.0,1.0,4.0,1.0,1.0,2.0,36.0,2.0,1.0,4.0,0.0,2644.0,3.0,0.0,0.0,0.0
0.0,3.0,1.0,4.0,0.0,1.0,23.0,29.0,3.0,0.0,2.0,0.0,2700.0,10.0,1.0,0.0,1.0
1.0,3.0,1.0,3.0,0.0,3.0,7.0,46.0,3.0,0.0,2.0,0.0,10845.0,8.0,0.0,0.0,1.0
0.0,4.0,1.0,3.0,0.0,2.0,26.0,32.0,3.0,0.0,4.0,0.0,4465.0,3.0,1.0,0.0,1.0
0.0,3.0,1.0,3.0,0.0,2.0,22.0,40.0,3.0,1.0,2.0,0.0,6380.0,6.0,1.0,0.0,0.0
0.0,3.0,0.0,3.0,1.0,2.0,20.0,27.0,3.0,0.0,3.0,1.0,9981.0,7.0,0.0,0.0,1.0
0.0,1.0,1.0,4.0,0.0,3.0,18.0,35.0,2.0,0.0,5.0,0.0,9069.0,9.0,1.0,0.0,1.0
0.0,4.0,0.0,3.0,1.0,1.0,2.0,31.0,4.0,0.0,3.0,1.0,2785.0,1.0,0.0,1.0,1.0
0.0,2.0,0.0,3.0,0.0,4.0,3.0,46.0,4.0,0.0,3.0,1.0,16606.0,13.0,1.0,0.0,1.0
0.0,3.0,1.0,3.0,0.0,4.0,7.0,53.0,3.0,0.0,3.0,0.0,14814.0,5.0,1.0,0.0,1.0
0.0,4.0,1.0,3.0,1.0,1.0,2.0,32.0,2.0,0.0,2.0,0.0,3068.0,7.0,0.0,0.0,1.0
0.0,3.0,1.0,4.0,1.0,1.0,2.0,58.0,3.0,0.0,3.0,0.0,2479.0,1.0,0.0,0.0,1.0
0.0,3.0,0.0,3.0,0.0,5.0,26.0,47.0,3.0,0.0,4.0,1.0,19658.0,5.0,1.0,0.0,1.0
1.0,1.0,0.0,4.0,0.0,3.0,1.0,36.0,3.0,1.0,3.0,1.0,10252.0,7.0,0.0,0.0,0.0
0.0,2.0,1.0,4.0,0.0,1.0,1.0,40.0,3.0,0.0,4.0,0.0,2387.0,4.0,1.0,0.0,1.0
1.0,1.0,1.0,3.0,0.0,3.0,7.0,45.0,3.0,0.0,3.0,0.0,9724.0,1.0,0.0,0.0,1.0
1.0,4.0,1.0,3.0,0.0,5.0,10.0,41.0,2.0,0.0,4.0,0.0,19141.0,21.0,0.0,0.0,1.0
0.0,1.0,1.0,4.0,1.0,1.0,9.0,19.0,3.0,0.0,2.0,0.0,2552.0,1.0,0.0,0.0,1.0
1.0,2.0,1.0,3.0,0.0,1.0,1.0,28.0,3.0,0.0,3.0,0.0,2596.0,1.0,0.0,0.0,1.0
0.0,4.0,1.0,4.0,0.0,1.0,19.0,22.0,3.0,0.0,1.0,0.0,2323.0,2.0,1.0,0.0,1.0
0.0,4.0,1.0,3.0,1.0,1.0,2.0,33.0,4.0,0.0,3.0,0.0,2500.0,3.0,0.0,0.0,1.0
0.0,3.0,1.0,3.0,1.0,3.0,2.0,44.0,2.0,1.0,1.0,0.0,10209.0,2.0,0.0,0.0,0.0
0.0,4.0,1.0,3.0,0.0,1.0,18.0,36.0,3.0,0.0,4.0,0.0,3688.0,1.0,1.0,0.0,1.0
0.0,3.0,1.0,3.0,1.0,4.0,13.0,55.0,2.0,1.0,4.0,0.0,13695.0,19.0,0.0,1.0,0.0
1.0,1.0,0.0,4.0,0.0,2.0,1.0,44.0,2.0,1.0,5.0,1.0,5454.0,4.0,0.0,0.0,0.0
0.0,2.0,1.0,3.0,0.0,2.0,1.0,32.0,3.0,0.0,3.0,0.0,6220.0,10.0,1.0,0.0,1.0
1.0,4.0,1.0,3.0,0.0,2.0,5.0,37.0,2.0,0.0,2.0,0.0,6347.0,6.0,0.0,0.0,1.0
0.0,1.0,1.0,3.0,0.0,4.0,2.0,42.0,3.0,0.0,2.0,0.0,17665.0,22.0,1.0,0.0,1.0
0.0,2.0,1.0,3.0,0.0,2.0,22.0,33.0,4.0,0.0,2.0,0.0,6146.0,7.0,1.0,0.0,1.0
0.0,1.0,1.0,3.0,0.0,4.0,10.0,39.0,3.0,1.0,1.0,0.0,17068.0,21.0,1.0,0.0,0.0
1.0,3.0,1.0,3.0,0.0,2.0,9.0,40.0,4.0,0.0,4.0,0.0,3975.0,8.0,0.0,0.0,1.0
0.0,4.0,0.0,3.0,0.0,3.0,11.0,49.0,4.0,0.0,3.0,1.0,7654.0,9.0,1.0,0.0,1.0
0.0,4.0,0.0,4.0,0.0,1.0,3.0,26.0,3.0,0.0,3.0,1.0,2061.0,1.0,1.0,0.0,1.0
0.0,4.0,1.0,3.0,0.0,2.0,7.0,32.0,2.0,0.0,5.0,0.0,9204.0,4.0,1.0,0.0,1.0
0.0,3.0,1.0,3.0,0.0,3.0,15.0,33.0,4.0,1.0,1.0,0.0,13610.0,7.0,1.0,1.0,0.0
0.0,2.0,0.0,3.0,1.0,1.0,8.0,31.0,4.0,0.0,3.0,1.0,1261.0,1.0,0.0,1.0,1.0
0.0,4.0,1.0,4.0,1.0,2.0,2.0,34.0,3.0,0.0,3.0,0.0,6274.0,6.0,0.0,0.0,1.0
0.0,2.0,1.0,3.0,1.0,4.0,2.0,41.0,3.0,0.0,4.0,0.0,16015.0,22.0,0.0,0.0,1.0
1.0,2.0,1.0,3.0,0.0,5.0,4.0,50.0,2.0,0.0,1.0,0.0,19144.0,10.0,0.0,0.0,1.0
0.0,3.0,0.0,3.0,0.0,3.0,2.0,54.0,1.0,0.0,4.0,1.0,13549.0,4.0,1.0,0.0,1.0
0.0,4.0,1.0,3.0,1.0,1.0,7.0,36.0,3.0,0.0,4.0,0.0,4678.0,6.0,0.0,0.0,1.0
0.0,4.0,1.0,3.0,0.0,2.0,21.0,39.0,4.0,1.0,4.0,0.0,6120.0,5.0,1.0,0.0,0.0
0.0,2.0,1.0,3.0,0.0,1.0,2.0,28.0,1.0,0.0,1.0,0.0,3201.0,5.0,1.0,0.0,1.0
0.0,3.0,0.0,3.0,1.0,2.0,1.0,36.0,3.0,0.0,4.0,1.0,6815.0,1.0,0.0,0.0,1.0
0.0,2.0,1.0,4.0,0.0,4.0,1.0,40.0,2.0,0.0,4.0,0.0,13503.0,22.0,1.0,0.0,1.0
0.0,3.0,0.0,3.0,0.0,2.0,27.0,29.0,2.0,0.0,3.0,1.0,4335.0,8.0,1.0,0.0,1.0
0.0,3.0,1.0,3.0,1.0,1.0,24.0,28.0,3.0,1.0,3.0,0.0,2028.0,4.0,0.0,1.0,0.0
0.0,2.0,0.0,4.0,1.0,1.0,10.0,19.0,4.0,1.0,3.0,1.0,1859.0,1.0,0.0,1.0,0.0
0.0,3.0,0.0,4.0,0.0,3.0,9.0,35.0,3.0,1.0,3.0,1.0,10685.0,17.0,1.0,0.0,0.0
0.0,3.0,0.0,3.0,1.0,2.0,9.0,30.0,3.0,1.0,2.0,1.0,4695.0,8.0,0.0,0.0,0.0
0.0,3.0,1.0,3.0,0.0,2.0,16.0,30.0,2.0,0.0,1.0,0.0,5301.0,2.0,1.0,0.0,1.0
1.0,2.0,0.0,3.0,0.0,2.0,10.0,29.0,3.0,1.0,1.0,1.0,8268.0,7.0,0.0,0.0,0.0
0.0,2.0,1.0,3.0,0.0,1.0,13.0,36.0,3.0,0.0,3.0,0.0,2143.0,5.0,1.0,0.0,1.0
0.0,1.0,1.0,3.0,1.0,2.0,7.0,28.0,3.0,0.0,3.0,0.0,4898.0,4.0,0.0,0.0,1.0
0.0,4.0,1.0,3.0,0.0,2.0,19.0,40.0,4.0,1.0,2.0,0.0,2741.0,7.0,1.0,0.0,0.0
0.0,4.0,0.0,3.0,0.0,1.0,8.0,35.0,2.0,0.0,4.0,1.0,2572.0,3.0,1.0,0.0,1.0
0.0,4.0,0.0,3.0,0.0,1.0,21.0,37.0,3.0,0.0,2.0,1.0,2973.0,5.0,1.0,0.0,1.0
1.0,3.0,1.0,3.0,0.0,1.0,16.0,40.0,3.0,0.0,2.0,0.0,3544.0,4.0,0.0,0.0,1.0
1.0,2.0,1.0,3.0,0.0,1.0,10.0,29.0,3.0,0.0,3.0,0.0,2297.0,2.0,0.0,0.0,1.0
1.0,1.0,0.0,3.0,0.0,2.0,8.0,34.0,3.0,0.0,5.0,1.0,5121.0,0.0,0.0,0.0,1.0
0.0,1.0,1.0,3.0,0.0,2.0,18.0,35.0,3.0,0.0,5.0,0.0,5208.0,16.0,1.0,0.0,1.0
0.0,1.0,0.0,3.0,1.0,3.0,22.0,39.0,3.0,1.0,3.0,1.0,10880.0,21.0,0.0,0.0,0.0
1.0,1.0,0.0,3.0,0.0,1.0,10.0,37.0,2.0,1.0,1.0,1.0,2782.0,5.0,0.0,0.0,0.0
0.0,4.0,1.0,3.0,0.0,1.0,1.0,25.0,2.0,0.0,3.0,0.0,3229.0,3.0,1.0,0.0,1.0
0.0,2.0,1.0,4.0,0.0,1.0,17.0,24.0,3.0,0.0,2.0,0.0,2127.0,1.0,1.0,0.0,1.0
0.0,1.0,1.0,3.0,1.0,1.0,2.0,25.0,2.0,0.0,1.0,0.0,3424.0,4.0,0.0,0.0,1.0
0.0,4.0,0.0,3.0,0.0,2.0,9.0,32.0,2.0,1.0,4.0,1.0,6322.0,6.0,1.0,0.0,0.0
0.0,3.0,1.0,3.0,0.0,1.0,5.0,42.0,3.0,0.0,2.0,0.0,2093.0,2.0,1.0,0.0,1.0
0.0,3.0,0.0,3.0,1.0,2.0,2.0,41.0,3.0,1.0,4.0,1.0,6811.0,8.0,0.0,0.0,0.0
0.0,4.0,0.0,3.0,0.0,1.0,20.0,29.0,3.0,0.0,3.0,1.0,2157.0,3.0,1.0,0.0,1.0
0.0,3.0,1.0,4.0,0.0,1.0,7.0,34.0,3.0,1.0,2.0,0.0,2308.0,11.0,1.0,0.0,0.0
0.0,3.0,0.0,3.0,0.0,2.0,4.0,34.0,3.0,0.0,4.0,1.0,6538.0,3.0,1.0,0.0,1.0
0.0,4.0,0.0,3.0,1.0,1.0,9.0,20.0,3.0,1.0,3.0,1.0,2323.0,2.0,0.0,1.0,0.0
1.0,1.0,0.0,3.0,0.0,2.0,7.0,30.0,3.0,0.0,4.0,1.0,4779.0,3.0,0.0,0.0,1.0
1.0,3.0,0.0,3.0,0.0,1.0,6.0,27.0,2.0,0.0,4.0,1.0,2187.0,5.0,0.0,0.0,1.0
0.0,4.0,0.0,3.0,0.0,2.0,12.0,31.0,1.0,1.0,3.0,1.0,5855.0,9.0,1.0,0.0,0.0
0.0,4.0,1.0,3.0,0.0,1.0,12.0,41.0,3.0,1.0,4.0,0.0,4766.0,1.0,1.0,0.0,0.0
0.0,2.0,1.0,3.0,0.0,2.0,2.0,40.0,3.0,0.0,4.0,0.0,4327.0,0.0,1.0,0.0,1.0
1.0,1.0,1.0,3.0,0.0,3.0,20.0,45.0,3.0,1.0,3.0,0.0,10851.0,7.0,0.0,0.0,0.0
0.0,1.0,1.0,3.0,0.0,3.0,6.0,45.0,4.0,1.0,4.0,0.0,13245.0,0.0,1.0,0.0,0.0
0.0,4.0,0.0,4.0,1.0,1.0,8.0,28.0,3.0,0.0,2.0,1.0,3310.0,5.0,0.0,0.0,1.0
0.0,1.0,0.0,3.0,1.0,1.0,16.0,36.0,3.0,0.0,4.0,1.0,2743.0,17.0,0.0,0.0,1.0
0.0,1.0,1.0,3.0,1.0,4.0,12.0,42.0,2.0,1.0,3.0,0.0,13758.0,21.0,0.0,0.0,0.0
0.0,2.0,0.0,3.0,0.0,4.0,26.0,42.0,4.0,0.0,3.0,1.0,13525.0,20.0,1.0,0.0,1.0
0.0,1.0,1.0,3.0,0.0,2.0,23.0,45.0,3.0,1.0,2.0,0.0,3633.0,9.0,1.0,0.0,0.0
0.0,3.0,1.0,3.0,1.0,2.0,8.0,33.0,3.0,1.0,5.0,0.0,6388.0,0.0,0.0,0.0,0.0
0.0,1.0,0.0,4.0,0.0,1.0,1.0,56.0,4.0,0.0,2.0,1.0,2066.0,3.0,1.0,0.0,1.0
0.0,4.0,0.0,3.0,1.0,1.0,1.0,34.0,3.0,0.0,4.0,1.0,3280.0,4.0,0.0,0.0,1.0
0.0,3.0,1.0,3.0,0.0,5.0,1.0,41.0,3.0,0.0,3.0,0.0,19189.0,22.0,1.0,0.0,1.0
0.0,3.0,0.0,3.0,0.0,3.0,10.0,36.0,3.0,0.0,4.0,1.0,7094.0,7.0,1.0,0.0,1.0
0.0,3.0,0.0,3.0,1.0,1.0,4.0,27.0,3.0,0.0,3.0,1.0,2318.0,1.0,0.0,0.0,1.0
0.0,1.0,0.0,3.0,1.0,1.0,27.0,35.0,2.0,0.0,1.0,1.0,2559.0,6.0,0.0,0.0,1.0
1.0,3.0,1.0,4.0,0.0,1.0,21.0,26.0,2.0,0.0,3.0,0.0,2377.0,1.0,0.0,1.0,1.0
0.0,3.0,0.0,3.0,0.0,1.0,10.0,34.0,3.0,1.0,4.0,1.0,2220.0,1.0,1.0,0.0,0.0
0.0,2.0,0.0,3.0,0.0,2.0,24.0,36.0,3.0,0.0,4.0,1.0,5674.0,9.0,1.0,0.0,1.0
1.0,3.0,0.0,3.0,0.0,2.0,18.0,46.0,2.0,0.0,3.0,1.0,4810.0,10.0,0.0,0.0,1.0
0.0,2.0,0.0,3.0,0.0,1.0,2.0,29.0,3.0,0.0,1.0,1.0,3180.0,3.0,1.0,0.0,1.0
0.0,3.0,1.0,4.0,0.0,2.0,1.0,57.0,2.0,0.0,2.0,0.0,4900.0,12.0,1.0,0.0,1.0
0.0,3.0,0.0,3.0,0.0,1.0,20.0,34.0,2.0,0.0,3.0,1.0,2585.0,1.0,1.0,0.0,1.0
0.0,1.0,1.0,3.0,0.0,1.0,8.0,22.0,2.0,0.0,1.0,0.0,2451.0,4.0,1.0,0.0,1.0
0.0,2.0,1.0,4.0,0.0,1.0,2.0,29.0,3.0,0.0,3.0,0.0,2703.0,5.0,1.0,0.0,1.0
0.0,2.0,0.0,4.0,1.0,2.0,24.0,34.0,4.0,1.0,4.0,1.0,4599.0,15.0,0.0,1.0,0.0
0.0,1.0,1.0,3.0,1.0,2.0,3.0,34.0,3.0,0.0,3.0,0.0,4759.0,13.0,0.0,0.0,1.0
0.0,1.0,1.0,3.0,0.0,1.0,8.0,29.0,2.0,1.0,4.0,0.0,2119.0,7.0,1.0,1.0,0.0
0.0,1.0,0.0,4.0,0.0,5.0,1.0,58.0,3.0,1.0,3.0,1.0,19701.0,9.0,1.0,0.0,0.0
0.0,3.0,0.0,3.0,1.0,2.0,6.0,34.0,3.0,0.0,4.0,1.0,4809.0,16.0,0.0,0.0,1.0
0.0,4.0,1.0,3.0,0.0,2.0,6.0,37.0,4.0,0.0,4.0,0.0,6502.0,5.0,1.0,0.0,1.0
0.0,2.0,1.0,3.0,0.0,1.0,17.0,27.0,2.0,1.0,3.0,0.0,3058.0,5.0,1.0,0.0,0.0
0.0,2.0,1.0,3.0,0.0,2.0,8.0,52.0,2.0,0.0,4.0,0.0,4941.0,8.0,1.0,0.0,1.0
1.0,4.0,1.0,3.0,0.0,2.0,23.0,38.0,3.0,0.0,4.0,0.0,5745.0,2.0,0.0,0.0,1.0
0.0,4.0,0.0,4.0,1.0,2.0,7.0,38.0,3.0,0.0,4.0,1.0,4028.0,7.0,0.0,0.0,1.0
0.0,1.0,0.0,3.0,0.0,2.0,8.0,29.0,3.0,0.0,1.0,1.0,9715.0,7.0,1.0,0.0,1.0
0.0,1.0,0.0,3.0,1.0,1.0,2.0,34.0,3.0,0.0,4.0,1.0,4381.0,6.0,0.0,0.0,1.0
1.0,2.0,1.0,4.0,0.0,3.0,9.0,31.0,4.0,0.0,1.0,0.0,10648.0,13.0,0.0,0.0,1.0
1.0,3.0,1.0,3.0,0.0,1.0,19.0,42.0,3.0,1.0,3.0,0.0,2759.0,2.0,0.0,1.0,0.0
0.0,2.0,0.0,3.0,0.0,1.0,14.0,56.0,3.0,1.0,4.0,1.0,4963.0,5.0,1.0,1.0,0.0
1.0,3.0,1.0,4.0,0.0,1.0,1.0,30.0,4.0,0.0,3.0,0.0,2064.0,5.0,0.0,0.0,1.0
0.0,1.0,0.0,3.0,0.0,4.0,6.0,56.0,2.0,0.0,3.0,1.0,13212.0,7.0,1.0,0.0,1.0
0.0,3.0,1.0,3.0,1.0,1.0,3.0,21.0,4.0,0.0,2.0,0.0,3230.0,3.0,0.0,0.0,1.0
0.0,1.0,0.0,3.0,0.0,1.0,23.0,35.0,3.0,1.0,4.0,1.0,4014.0,2.0,1.0,0.0,0.0
0.0,2.0,0.0,3.0,0.0,2.0,1.0,33.0,3.0,1.0,4.0,1.0,5488.0,6.0,1.0,0.0,0.0
0.0,4.0,1.0,4.0,0.0,1.0,9.0,51.0,3.0,0.0,4.0,0.0,2075.0,4.0,1.0,0.0,1.0
0.0,4.0,0.0,3.0,0.0,5.0,2.0,52.0,3.0,0.0,1.0,1.0,19845.0,32.0,1.0,0.0,1.0
0.0,1.0,1.0,3.0,0.0,4.0,28.0,44.0,4.0,0.0,3.0,0.0,16328.0,20.0,1.0,0.0,1.0
0.0,1.0,1.0,4.0,1.0,2.0,1.0,34.0,3.0,0.0,3.0,0.0,5343.0,13.0,0.0,0.0,1.0
1.0,4.0,1.0,3.0,0.0,1.0,4.0,37.0,3.0,0.0,4.0,0.0,2793.0,9.0,0.0,0.0,1.0
0.0,4.0,1.0,3.0,1.0,2.0,5.0,28.0,3.0,0.0,4.0,0.0,4908.0,4.0,0.0,0.0,1.0
0.0,4.0,0.0,3.0,1.0,1.0,9.0,38.0,3.0,0.0,2.0,1.0,2288.0,2.0,0.0,0.0,1.0
0.0,4.0,0.0,3.0,1.0,4.0,1.0,54.0,2.0,0.0,3.0,1.0,17328.0,20.0,0.0,0.0,1.0
0.0,4.0,1.0,3.0,0.0,3.0,3.0,36.0,3.0,0.0,4.0,0.0,9699.0,13.0,1.0,0.0,1.0
0.0,1.0,1.0,3.0,1.0,4.0,2.0,55.0,4.0,0.0,1.0,0.0,16756.0,9.0,0.0,0.0,1.0
1.0,2.0,0.0,3.0,0.0,2.0,26.0,40.0,3.0,0.0,3.0,1.0,5605.0,20.0,0.0,0.0,1.0
0.0,1.0,1.0,3.0,0.0,2.0,26.0,28.0,3.0,0.0,3.0,0.0,4724.0,5.0,1.0,0.0,1.0
0.0,2.0,1.0,3.0,1.0,1.0,1.0,31.0,3.0,0.0,4.0,0.0,2501.0,1.0,0.0,0.0,1.0
0.0,1.0,1.0,3.0,1.0,1.0,6.0,34.0,3.0,0.0,1.0,0.0,2960.0,4.0,0.0,0.0,1.0
1.0,2.0,0.0,3.0,0.0,3.0,5.0,58.0,3.0,1.0,3.0,1.0,10552.0,6.0,0.0,0.0,0.0
1.0,2.0,1.0,3.0,0.0,2.0,2.0,51.0,3.0,0.0,3.0,0.0,5482.0,4.0,0.0,0.0,1.0
0.0,4.0,1.0,3.0,0.0,1.0,4.0,24.0,2.0,0.0,1.0,0.0,3162.0,5.0,1.0,0.0,1.0
0.0,4.0,0.0,3.0,0.0,2.0,2.0,42.0,3.0,0.0,4.0,1.0,4089.0,10.0,1.0,0.0,1.0
0.0,2.0,0.0,3.0,1.0,4.0,8.0,31.0,4.0,0.0,5.0,1.0,16422.0,3.0,0.0,0.0,1.0
0.0,1.0,0.0,3.0,0.0,2.0,16.0,36.0,2.0,0.0,4.0,1.0,5647.0,3.0,1.0,0.0,1.0
0.0,1.0,1.0,3.0,1.0,1.0,1.0,35.0,3.0,0.0,3.0,0.0,2450.0,3.0,0.0,0.0,1.0
0.0,1.0,1.0,3.0,1.0,2.0,1.0,35.0,3.0,0.0,4.0,0.0,4312.0,15.0,0.0,0.0,1.0
1.0,3.0,1.0,4.0,0.0,1.0,24.0,44.0,1.0,1.0,3.0,0.0,3161.0,1.0,0.0,1.0,0.0
1.0,3.0,0.0,3.0,0.0,3.0,25.0,35.0,2.0,1.0,4.0,1.0,10388.0,16.0,0.0,0.0,0.0
0.0,4.0,1.0,3.0,0.0,1.0,3.0,30.0,1.0,0.0,3.0,0.0,2097.0,5.0,1.0,0.0,1.0
0.0,2.0,0.0,3.0,0.0,1.0,10.0,37.0,1.0,0.0,3.0,1.0,3936.0,8.0,1.0,0.0,1.0
0.0,1.0,0.0,3.0,1.0,1.0,11.0,20.0,3.0,1.0,3.0,1.0,2600.0,1.0,0.0,1.0,0.0
1.0,3.0,1.0,3.0,0.0,1.0,6.0,36.0,3.0,0.0,4.0,0.0,2741.0,7.0,0.0,0.0,1.0
0.0,3.0,1.0,3.0,0.0,2.0,2.0,37.0,2.0,1.0,3.0,0.0,9602.0,3.0,1.0,0.0,0.0
0.0,1.0,0.0,3.0,0.0,3.0,8.0,30.0,2.0,1.0,2.0,1.0,11416.0,8.0,1.0,0.0,0.0
0.0,1.0,0.0,3.0,1.0,3.0,5.0,34.0,3.0,0.0,3.0,1.0,11631.0,11.0,0.0,0.0,1.0
0.0,3.0,1.0,4.0,1.0,2.0,7.0,34.0,3.0,1.0,3.0,0.0,6074.0,9.0,0.0,1.0,0.0
1.0,4.0,1.0,3.0,0.0,2.0,18.0,49.0,3.0,1.0,4.0,0.0,6804.0,7.0,0.0,0.0,0.0
0.0,3.0,0.0,3.0,1.0,2.0,2.0,39.0,3.0,0.0,4.0,1.0,4553.0,20.0,0.0,0.0,1.0
0.0,4.0,1.0,3.0,1.0,2.0,2.0,29.0,2.0,0.0,2.0,0.0,4554.0,10.0,0.0,0.0,1.0
0.0,4.0,1.0,3.0,1.0,1.0,2.0,33.0,3.0,0.0,3.0,0.0,2496.0,1.0,0.0,0.0,1.0
0.0,4.0,1.0,4.0,1.0,4.0,1.0,48.0,2.0,0.0,4.0,0.0,16885.0,5.0,0.0,0.0,1.0
1.0,3.0,1.0,3.0,0.0,1.0,3.0,27.0,2.0,1.0,3.0,0.0,2566.0,1.0,0.0,1.0,0.0
0.0,1.0,0.0,3.0,1.0,2.0,2.0,38.0,3.0,1.0,4.0,1.0,5980.0,15.0,0.0,0.0,0.0
1.0,3.0,1.0,3.0,0.0,1.0,15.0,28.0,2.0,0.0,2.0,0.0,2207.0,4.0,0.0,0.0,1.0
1.0,4.0,1.0,4.0,0.0,2.0,6.0,31.0,4.0,0.0,4.0,0.0,5460.0,7.0,0.0,0.0,1.0
1.0,1.0,1.0,3.0,0.0,1.0,19.0,27.0,3.0,0.0,3.0,0.0,4066.0,7.0,0.0,0.0,1.0
1.0,4.0,1.0,3.0,0.0,1.0,5.0,30.0,2.0,0.0,4.0,0.0,3761.0,5.0,0.0,0.0,1.0
1.0,3.0,1.0,3.0,0.0,1.0,23.0,58.0,3.0,0.0,4.0,0.0,2372.0,2.0,0.0,0.0,1.0
1.0,3.0,1.0,3.0,0.0,2.0,1.0,37.0,4.0,0.0,4.0,0.0,5993.0,7.0,0.0,0.0,1.0
1.0,1.0,0.0,3.0,0.0,2.0,1.0,41.0,3.0,0.0,3.0,1.0,4103.0,9.0,0.0,0.0,1.0
1.0,4.0,1.0,3.0,0.0,1.0,1.0,32.0,3.0,0.0,3.0,0.0,2314.0,3.0,0.0,0.0,1.0
0.0,1.0,0.0,3.0,0.0,3.0,22.0,30.0,3.0,0.0,4.0,1.0,8412.0,9.0,1.0,0.0,1.0
0.0,4.0,1.0,3.0,1.0,4.0,22.0,50.0,3.0,1.0,5.0,0.0,14411.0,32.0,0.0,0.0,0.0
0.0,1.0,1.0,4.0,1.0,1.0,3.0,26.0,3.0,0.0,1.0,0.0,3102.0,6.0,0.0,0.0,1.0
0.0,2.0,1.0,3.0,0.0,4.0,8.0,49.0,3.0,0.0,4.0,0.0,13120.0,9.0,1.0,0.0,1.0
0.0,2.0,1.0,3.0,0.0,2.0,4.0,45.0,2.0,0.0,2.0,0.0,4447.0,9.0,1.0,0.0,1.0
0.0,3.0,0.0,3.0,1.0,1.0,28.0,43.0,3.0,0.0,3.0,1.0,4739.0,3.0,0.0,0.0,1.0
0.0,1.0,0.0,4.0,1.0,1.0,1.0,19.0,4.0,0.0,1.0,1.0,2325.0,0.0,0.0,1.0,1.0
0.0,1.0,0.0,4.0,0.0,1.0,10.0,37.0,3.0,0.0,3.0,1.0,3452.0,5.0,1.0,0.0,1.0
0.0,2.0,0.0,4.0,0.0,1.0,9.0,58.0,2.0,1.0,3.0,1.0,3346.0,1.0,1.0,0.0,0.0
0.0,2.0,0.0,4.0,1.0,5.0,25.0,45.0,3.0,0.0,3.0,1.0,18061.0,0.0,0.0,0.0,1.0
0.0,3.0,1.0,3.0,0.0,4.0,3.0,53.0,2.0,1.0,4.0,0.0,17584.0,5.0,1.0,0.0,0.0
0.0,2.0,1.0,4.0,0.0,1.0,10.0,28.0,3.0,0.0,1.0,0.0,1052.0,1.0,1.0,0.0,1.0
1.0,4.0,0.0,3.0,0.0,5.0,1.0,50.0,2.0,0.0,4.0,1.0,19517.0,7.0,0.0,0.0,1.0
0.0,3.0,1.0,3.0,0.0,1.0,10.0,38.0,2.0,0.0,1.0,0.0,2684.0,2.0,1.0,0.0,1.0
0.0,1.0,1.0,3.0,0.0,1.0,9.0,25.0,3.0,0.0,2.0,0.0,4400.0,3.0,1.0,1.0,1.0
0.0,1.0,1.0,3.0,1.0,2.0,4.0,42.0,4.0,0.0,4.0,0.0,5155.0,6.0,0.0,0.0,1.0
0.0,1.0,1.0,3.0,0.0,2.0,6.0,36.0,3.0,1.0,4.0,0.0,5562.0,3.0,1.0,0.0,0.0
0.0,1.0,1.0,4.0,1.0,1.0,9.0,31.0,3.0,1.0,2.0,0.0,2321.0,3.0,0.0,1.0,0.0
0.0,1.0,0.0,3.0,0.0,2.0,3.0,54.0,3.0,0.0,3.0,1.0,5940.0,6.0,1.0,0.0,1.0
1.0,2.0,1.0,3.0,0.0,1.0,1.0,27.0,3.0,0.0,2.0,0.0,3816.0,5.0,0.0,0.0,1.0
0.0,1.0,0.0,3.0,0.0,3.0,7.0,58.0,2.0,1.0,4.0,1.0,10008.0,10.0,1.0,1.0,0.0
0.0,1.0,1.0,3.0,1.0,2.0,5.0,28.0,3.0,0.0,3.0,0.0,8463.0,5.0,0.0,0.0,1.0
1.0,2.0,1.0,3.0,0.0,3.0,1.0,45.0,3.0,0.0,4.0,0.0,7441.0,10.0,0.0,0.0,1.0
0.0,1.0,1.0,3.0,1.0,4.0,1.0,46.0,1.0,0.0,4.0,0.0,17567.0,26.0,0.0,0.0,1.0
0.0,4.0,1.0,3.0,0.0,2.0,8.0,29.0,2.0,1.0,1.0,0.0,5056.0,10.0,1.0,0.0,0.0
0.0,3.0,1.0,3.0,0.0,2.0,10.0,34.0,2.0,0.0,4.0,0.0,5063.0,8.0,1.0,0.0,1.0
